lineup_id,match_id,player_id,team_id,is_starting_xi,tactical_position,minutes_played
1,1,1,1,1,GK,90
2,1,2,1,0,DEF,0
3,1,3,1,1,DEF,90
4,1,4,1,0,DEF,14
5,1,5,1,1,DEF,90
6,1,6,1,1,MID,76
7,1,7,1,0,MID,0
8,1,8,1,1,MID,66
9,1,9,1,1,FWD,76
10,1,10,1,0,FWD,11
11,1,11,1,0,FWD,0
12,1,12,1,0,GK,0
13,1,13,1,0,GK,0
14,1,14,1,0,FWD,14
15,1,15,1,1,DEF,90
16,1,16,1,1,FWD,79
17,1,17,1,0,MID,0
18,1,18,1,0,MID,0
19,1,19,1,0,MID,24
20,1,20,1,0,DEF,0
21,1,21,1,0,FWD,0
22,1,22,1,0,FWD,0
23,1,23,1,1,DEF,90
24,1,24,1,0,MID,24
25,1,25,1,1,FWD,90
26,1,26,1,1,MID,66
27,1,27,2,1,GK,90
28,1,28,2,0,DEF,0
29,1,29,2,0,DEF,0
30,1,30,2,1,MID,90
31,1,31,2,0,MID,34
32,1,32,2,1,DEF,76
33,1,33,2,0,FWD,14
34,1,34,2,0,FWD,0
35,1,35,2,1,FWD,56
36,1,36,2,0,FWD,0
37,1,37,2,0,MID,29
38,1,38,2,0,FWD,0
39,1,39,2,1,MID,90
40,1,40,2,1,DEF,90
41,1,41,2,1,FWD,76
42,1,42,2,0,GK,0
43,1,43,2,0,FWD,14
44,1,44,2,0,DEF,0
45,1,45,2,1,DEF,90
46,1,46,2,1,DEF,90
47,1,47,2,1,DEF,90
48,1,48,2,0,GK,0
49,1,49,2,1,MID,61
50,1,50,2,0,DEF,0
51,1,51,2,0,FWD,0
52,1,52,2,0,DEF,0
53,2,53,3,1,GK,90
54,2,54,3,1,DEF,90
55,2,55,3,1,MID,90
56,2,56,3,1,DEF,90
57,2,57,3,0,DEF,0
58,2,58,3,1,MID,84
59,2,59,3,1,FWD,69
60,2,60,3,1,MID,84
61,2,61,3,0,FWD,0
62,2,62,3,1,MID,62
63,2,63,3,0,MID,28
64,2,64,3,0,GK,0
65,2,65,3,1,DEF,69
66,2,66,3,0,DEF,0
67,2,67,3,0,DEF,0
68,2,68,3,0,DEF,6
69,2,69,3,0,MID,0
70,2,70,3,0,FWD,21
71,2,71,3,1,MID,90
72,2,72,3,0,MID,0
73,2,73,3,0,GK,0
74,2,74,3,1,DEF,90
75,2,75,3,0,DEF,0
76,2,76,3,0,MID,6
77,2,77,3,0,MID,21
78,2,78,3,0,MID,0
79,2,79,4,1,GK,90
80,2,80,4,0,DEF,0
81,2,81,4,0,DEF,0
82,2,82,4,1,DEF,90
83,2,83,4,1,DEF,90
84,2,84,4,1,DEF,90
85,2,85,4,1,DEF,90
86,2,86,4,0,MID,0
87,2,87,4,0,FWD,27
88,2,88,4,1,FWD,63
89,2,89,4,0,FWD,0
90,2,90,4,0,MID,0
91,2,91,4,0,FWD,6
92,2,92,4,0,DEF,0
93,2,93,4,1,FWD,63
94,2,94,4,0,GK,0
95,2,95,4,1,MID,63
96,2,96,4,0,MID,27
97,2,97,4,0,FWD,27
98,2,98,4,1,DEF,90
99,2,99,4,0,DEF,0
100,2,100,4,1,MID,90
101,2,101,4,0,GK,0
102,2,102,4,1,MID,84
103,2,103,4,0,MID,0
104,2,104,4,0,FWD,0
105,3,105,5,0,GK,0
106,3,106,5,1,DEF,90
107,3,107,5,0,DEF,0
108,3,108,5,1,DEF,90
109,3,109,5,0,DEF,0
110,3,110,5,0,MID,0
111,3,111,5,1,MID,90
112,3,112,5,1,MID,90
113,3,113,5,0,FWD,14
114,3,114,5,1,FWD,61
115,3,115,5,1,MID,61
116,3,116,5,1,FWD,76
117,3,117,5,1,DEF,90
118,3,118,5,0,MID,29
119,3,119,5,0,DEF,0
120,3,120,5,1,GK,90
121,3,121,5,1,FWD,61
122,3,122,5,0,GK,0
123,3,123,5,0,DEF,0
124,3,124,5,0,FWD,29
125,3,125,5,0,MID,1
126,3,126,5,1,DEF,90
127,3,127,5,0,DEF,0
128,3,128,5,0,FWD,29
129,3,129,5,0,MID,0
130,3,130,5,0,FWD,0
131,3,131,6,1,GK,90
132,3,132,6,0,DEF,0
133,3,133,6,0,DEF,0
134,3,134,6,1,DEF,90
135,3,135,6,1,DEF,83
136,3,136,6,1,MID,90
137,3,137,6,1,DEF,90
138,3,138,6,0,MID,28
139,3,139,6,0,FWD,28
140,3,140,6,1,FWD,90
141,3,141,6,0,FWD,0
142,3,142,6,0,GK,0
143,3,143,6,1,MID,62
144,3,144,6,0,MID,16
145,3,145,6,1,MID,74
146,3,146,6,0,MID,0
147,3,147,6,0,MID,7
148,3,148,6,1,DEF,90
149,3,149,6,0,FWD,16
150,3,150,6,1,FWD,74
151,3,151,6,0,DEF,0
152,3,152,6,0,GK,0
153,3,153,6,0,FWD,0
154,3,154,6,0,DEF,0
155,3,155,6,1,FWD,62
156,3,156,6,0,MID,0
157,4,313,13,0,GK,0
158,4,314,13,1,DEF,72
159,4,315,13,1,DEF,90
160,4,316,13,1,MID,90
161,4,317,13,1,DEF,90
162,4,318,13,0,DEF,0
163,4,319,13,0,MID,8
164,4,320,13,1,MID,90
165,4,321,13,0,FWD,18
166,4,322,13,1,FWD,46
167,4,323,13,0,FWD,0
168,4,324,13,0,DEF,0
169,4,325,13,1,DEF,90
170,4,326,13,0,MID,44
171,4,327,13,0,MID,0
172,4,328,13,1,DEF,90
173,4,329,13,1,MID,82
174,4,330,13,0,DEF,0
175,4,331,13,0,FWD,0
176,4,332,13,1,FWD,72
177,4,333,13,0,FWD,18
178,4,334,13,0,DEF,0
179,4,335,13,0,DEF,0
180,4,336,13,1,GK,90
181,4,337,13,0,GK,0
182,4,338,13,0,FWD,0
183,4,339,14,0,GK,0
184,4,340,14,0,DEF,11
185,4,341,14,1,DEF,90
186,4,342,14,1,DEF,79
187,4,343,14,0,DEF,0
188,4,344,14,1,DEF,90
189,4,345,14,0,MID,11
190,4,346,14,1,MID,79
191,4,347,14,1,FWD,62
192,4,348,14,1,MID,79
193,4,349,14,0,MID,44
194,4,350,14,1,GK,90
195,4,351,14,0,DEF,0
196,4,352,14,1,MID,90
197,4,353,14,1,DEF,90
198,4,354,14,1,MID,46
199,4,355,14,0,FWD,11
200,4,356,14,0,FWD,28
201,4,357,14,1,FWD,90
202,4,358,14,0,MID,0
203,4,359,14,0,FWD,0
204,4,360,14,0,GK,0
205,4,361,14,0,MID,0
206,4,362,14,0,MID,0
207,4,363,14,0,FWD,0
208,4,364,14,0,DEF,0
209,5,157,7,1,GK,90
210,5,158,7,1,DEF,90
211,5,159,7,0,DEF,0
212,5,160,7,1,DEF,90
213,5,161,7,1,DEF,60
214,5,162,7,0,MID,0
215,5,163,7,0,FWD,30
216,5,164,7,1,FWD,88
217,5,165,7,0,FWD,0
218,5,166,7,0,FWD,2
219,5,167,7,1,FWD,90
220,5,168,7,0,MID,30
221,5,169,7,1,DEF,60
222,5,170,7,1,DEF,90
223,5,171,7,1,FWD,60
224,5,172,7,1,DEF,90
225,5,173,7,0,MID,0
226,5,174,7,0,DEF,0
227,5,175,7,0,FWD,0
228,5,176,7,0,MID,30
229,5,177,7,0,GK,0
230,5,178,7,0,GK,0
231,5,179,7,1,MID,79
232,5,180,7,0,FWD,0
233,5,181,7,0,DEF,0
234,5,182,7,0,FWD,11
235,5,183,8,1,GK,90
236,5,184,8,0,DEF,1
237,5,185,8,0,DEF,0
238,5,186,8,1,DEF,90
239,5,187,8,1,DEF,90
240,5,188,8,1,MID,90
241,5,189,8,1,FWD,90
242,5,190,8,1,MID,89
243,5,191,8,0,MID,24
244,5,192,8,1,MID,90
245,5,193,8,1,FWD,66
246,5,194,8,0,GK,0
247,5,195,8,1,DEF,89
248,5,196,8,0,MID,1
249,5,197,8,0,MID,0
250,5,198,8,0,FWD,0
251,5,199,8,1,FWD,79
252,5,200,8,0,DEF,0
253,5,201,8,0,FWD,0
254,5,202,8,1,MID,66
255,5,203,8,0,GK,0
256,5,204,8,0,MID,24
257,5,205,8,0,FWD,11
258,5,206,8,0,DEF,0
259,5,207,8,0,DEF,0
260,5,208,8,0,FWD,0
261,6,209,9,1,GK,90
262,6,210,9,0,MID,0
263,6,211,9,1,DEF,90
264,6,212,9,1,DEF,90
265,6,213,9,1,MID,46
266,6,214,9,0,DEF,0
267,6,215,9,1,FWD,90
268,6,216,9,1,MID,80
269,6,217,9,0,FWD,29
270,6,218,9,0,FWD,0
271,6,219,9,1,FWD,90
272,6,220,9,0,GK,0
273,6,221,9,0,DEF,44
274,6,222,9,0,DEF,0
275,6,223,9,0,DEF,0
276,6,224,9,1,DEF,90
277,6,225,9,0,MID,44
278,6,226,9,0,MID,10
279,6,227,9,0,FWD,0
280,6,228,9,1,MID,61
281,6,229,9,0,FWD,29
282,6,230,9,0,FWD,0
283,6,231,9,0,GK,0
284,6,232,9,1,DEF,46
285,6,233,9,1,FWD,61
286,6,234,9,0,FWD,0
287,6,235,10,1,GK,90
288,6,236,10,1,DEF,90
289,6,237,10,1,DEF,80
290,6,238,10,0,MID,0
291,6,239,10,0,DEF,0
292,6,240,10,1,MID,90
293,6,241,10,0,MID,26
294,6,242,10,1,MID,64
295,6,243,10,0,FWD,1
296,6,244,10,1,FWD,64
297,6,245,10,1,MID,89
298,6,246,10,0,GK,0
299,6,247,10,0,DEF,0
300,6,248,10,1,DEF,90
301,6,249,10,0,MID,26
302,6,250,10,0,MID,0
303,6,251,10,0,FWD,0
304,6,252,10,1,DEF,90
305,6,253,10,0,DEF,0
306,6,254,10,0,FWD,0
307,6,255,10,0,FWD,10
308,6,256,10,0,GK,0
309,6,257,10,1,MID,80
310,6,258,10,1,MID,90
311,6,259,10,0,DEF,0
312,6,260,10,0,DEF,10
313,7,261,11,1,GK,90
314,7,262,11,1,DEF,90
315,7,263,11,0,DEF,0
316,7,264,11,1,DEF,90
317,7,265,11,1,DEF,90
318,7,266,11,0,MID,0
319,7,267,11,0,FWD,0
320,7,268,11,1,DEF,90
321,7,269,11,0,FWD,0
322,7,270,11,1,MID,90
323,7,271,11,1,FWD,61
324,7,272,11,0,GK,0
325,7,273,11,0,DEF,0
326,7,274,11,0,DEF,0
327,7,275,11,1,FWD,85
328,7,276,11,0,FWD,15
329,7,277,11,1,MID,90
330,7,278,11,1,FWD,75
331,7,279,11,0,FWD,5
332,7,280,11,1,FWD,90
333,7,281,11,0,FWD,29
334,7,282,11,0,DEF,0
335,7,283,11,0,GK,0
336,7,284,11,0,DEF,0
337,7,285,11,0,MID,0
338,7,286,11,0,MID,0
339,7,287,12,1,GK,90
340,7,288,12,1,DEF,75
341,7,289,12,1,DEF,90
342,7,290,12,1,MID,90
343,7,291,12,1,DEF,90
344,7,292,12,0,DEF,0
345,7,293,12,1,MID,82
346,7,294,12,0,MID,0
347,7,295,12,0,FWD,15
348,7,296,12,1,FWD,75
349,7,297,12,0,MID,15
350,7,298,12,0,GK,0
351,7,299,12,1,DEF,90
352,7,300,12,0,FWD,0
353,7,301,12,0,DEF,0
354,7,302,12,0,DEF,0
355,7,303,12,1,FWD,75
356,7,304,12,0,FWD,0
357,7,305,12,1,MID,90
358,7,306,12,1,FWD,82
359,7,307,12,0,GK,0
360,7,308,12,0,DEF,15
361,7,309,12,0,MID,8
362,7,310,12,0,DEF,0
363,7,311,12,0,FWD,8
364,7,312,12,0,DEF,0
365,8,365,15,0,GK,0
366,8,366,15,0,DEF,0
367,8,367,15,1,DEF,90
368,8,368,15,1,DEF,74
369,8,369,15,1,DEF,83
370,8,370,15,0,DEF,16
371,8,371,15,0,FWD,0
372,8,372,15,1,MID,90
373,8,373,15,1,FWD,74
374,8,374,15,0,FWD,0
375,8,375,15,0,FWD,0
376,8,376,15,0,GK,0
377,8,377,15,1,MID,90
378,8,378,15,0,MID,0
379,8,379,15,0,DEF,0
380,8,380,15,0,DEF,7
381,8,381,15,1,FWD,61
382,8,382,15,1,GK,90
383,8,383,15,1,DEF,90
384,8,384,15,0,FWD,0
385,8,385,15,1,DEF,90
386,8,386,15,0,MID,7
387,8,387,15,0,FWD,29
388,8,388,15,1,MID,83
389,8,389,15,0,DEF,0
390,8,390,15,0,FWD,16
391,8,391,16,0,GK,0
392,8,392,16,1,DEF,80
393,8,393,16,1,DEF,90
394,8,394,16,0,DEF,0
395,8,395,16,0,MID,10
396,8,396,16,1,MID,62
397,8,397,16,1,FWD,85
398,8,398,16,1,FWD,90
399,8,399,16,0,FWD,5
400,8,400,16,1,MID,90
401,8,401,16,0,FWD,44
402,8,402,16,0,GK,0
403,8,403,16,0,DEF,0
404,8,404,16,1,DEF,90
405,8,405,16,0,DEF,0
406,8,406,16,1,MID,80
407,8,407,16,0,FWD,10
408,8,408,16,0,DEF,0
409,8,409,16,0,FWD,28
410,8,410,16,1,DEF,90
411,8,411,16,1,FWD,46
412,8,412,16,0,MID,0
413,8,413,16,1,GK,90
414,8,414,16,0,FWD,0
415,8,415,16,0,DEF,0
416,8,416,16,0,FWD,0
417,9,417,17,1,GK,90
418,9,418,17,0,DEF,18
419,9,419,17,0,DEF,7
420,9,420,17,1,DEF,72
421,9,421,17,1,MID,90
422,9,422,17,1,DEF,83
423,9,423,17,1,FWD,90
424,9,424,17,0,MID,18
425,9,425,17,0,MID,0
426,9,426,17,1,MID,64
427,9,427,17,0,FWD,0
428,9,428,17,0,GK,0
429,9,429,17,0,MID,0
430,9,430,17,0,FWD,0
431,9,431,17,1,DEF,90
432,9,432,17,0,MID,0
433,9,433,17,1,MID,90
434,9,434,17,1,DEF,72
435,9,435,17,1,MID,90
436,9,436,17,0,MID,0
437,9,437,17,0,GK,0
438,9,438,17,0,DEF,18
439,9,439,17,1,MID,72
440,9,440,17,0,DEF,0
441,9,441,17,0,MID,0
442,9,442,17,0,FWD,26
443,9,443,18,1,GK,90
444,9,444,18,0,DEF,0
445,9,445,18,0,DEF,0
446,9,446,18,0,DEF,0
447,9,447,18,1,DEF,90
448,9,448,18,0,MID,0
449,9,449,18,1,MID,90
450,9,450,18,1,MID,90
451,9,451,18,1,FWD,65
452,9,452,18,1,MID,90
453,9,453,18,0,FWD,44
454,9,454,18,1,FWD,46
455,9,455,18,0,FWD,0
456,9,456,18,0,FWD,0
457,9,457,18,0,MID,0
458,9,458,18,0,FWD,25
459,9,459,18,0,FWD,0
460,9,460,18,1,DEF,90
461,9,461,18,0,FWD,8
462,9,462,18,0,DEF,0
463,9,463,18,1,MID,82
464,9,464,18,0,MID,0
465,9,465,18,1,DEF,90
466,9,466,18,1,DEF,90
467,9,467,18,0,GK,0
468,9,468,18,0,GK,0
469,10,521,21,1,GK,90
470,10,522,21,0,DEF,0
471,10,523,21,0,MID,0
472,10,524,21,1,DEF,90
473,10,525,21,0,DEF,9
474,10,526,21,1,DEF,90
475,10,527,21,0,MID,0
476,10,528,21,1,MID,81
477,10,529,21,0,FWD,0
478,10,530,21,0,FWD,20
479,10,531,21,1,FWD,85
480,10,532,21,0,DEF,0
481,10,533,21,0,GK,0
482,10,534,21,1,MID,70
483,10,535,21,1,DEF,90
484,10,536,21,0,MID,0
485,10,537,21,0,FWD,0
486,10,538,21,1,FWD,70
487,10,539,21,0,FWD,5
488,10,540,21,0,MID,20
489,10,541,21,1,MID,90
490,10,542,21,1,DEF,90
491,10,543,21,0,GK,0
492,10,544,21,1,FWD,70
493,10,545,21,0,DEF,0
494,10,546,21,0,MID,20
495,10,547,22,1,GK,90
496,10,548,22,0,DEF,15
497,10,549,22,1,DEF,90
498,10,550,22,0,DEF,0
499,10,551,22,0,DEF,0
500,10,552,22,0,FWD,0
501,10,553,22,0,MID,0
502,10,554,22,1,MID,75
503,10,555,22,0,FWD,0
504,10,556,22,1,MID,75
505,10,557,22,1,MID,66
506,10,558,22,0,GK,0
507,10,559,22,1,MID,90
508,10,560,22,0,MID,24
509,10,561,22,1,MID,90
510,10,562,22,1,DEF,75
511,10,563,22,0,MID,0
512,10,564,22,1,FWD,84
513,10,565,22,0,FWD,15
514,10,566,22,0,DEF,0
515,10,567,22,1,DEF,90
516,10,568,22,0,DEF,15
517,10,569,22,0,GK,0
518,10,570,22,1,MID,90
519,10,571,22,0,DEF,0
520,10,572,22,0,FWD,6
521,11,469,19,1,GK,90
522,11,470,19,0,DEF,0
523,11,471,19,1,DEF,90
524,11,472,19,0,MID,0
525,11,473,19,1,DEF,90
526,11,474,19,1,MID,77
527,11,475,19,0,DEF,1
528,11,476,19,1,MID,90
529,11,477,19,0,FWD,34
530,11,478,19,0,FWD,0
531,11,479,19,1,FWD,90
532,11,480,19,1,FWD,56
533,11,481,19,0,DEF,0
534,11,482,19,0,FWD,0
535,11,483,19,0,FWD,34
536,11,484,19,0,GK,0
537,11,485,19,1,DEF,89
538,11,486,19,0,MID,13
539,11,487,19,1,FWD,77
540,11,488,19,1,DEF,90
541,11,489,19,0,DEF,0
542,11,490,19,0,FWD,0
543,11,491,19,0,GK,0
544,11,492,19,1,FWD,56
545,11,493,19,0,MID,0
546,11,494,19,0,MID,13
547,11,495,20,1,GK,90
548,11,496,20,0,DEF,0
549,11,497,20,1,DEF,90
550,11,498,20,1,DEF,90
551,11,499,20,0,MID,0
552,11,500,20,1,DEF,90
553,11,501,20,0,DEF,0
554,11,502,20,0,MID,0
555,11,503,20,1,FWD,62
556,11,504,20,0,MID,0
557,11,505,20,0,FWD,13
558,11,506,20,0,GK,0
559,11,507,20,1,FWD,77
560,11,508,20,1,MID,56
561,11,509,20,1,MID,90
562,11,510,20,0,FWD,0
563,11,511,20,0,DEF,28
564,11,512,20,0,MID,0
565,11,513,20,1,FWD,90
566,11,514,20,0,FWD,34
567,11,515,20,1,MID,62
568,11,516,20,0,GK,0
569,11,517,20,1,MID,90
570,11,518,20,0,FWD,0
571,11,519,20,0,DEF,28
572,11,520,20,0,DEF,0
573,12,573,23,0,GK,0
574,12,574,23,1,DEF,90
575,12,575,23,1,DEF,90
576,12,576,23,1,DEF,90
577,12,577,23,1,DEF,65
578,12,578,23,0,DEF,0
579,12,579,23,0,MID,25
580,12,580,23,0,DEF,1
581,12,581,23,1,FWD,90
582,12,582,23,1,MID,65
583,12,583,23,0,FWD,1
584,12,584,23,0,GK,0
585,12,585,23,0,MID,0
586,12,586,23,0,DEF,0
587,12,587,23,0,DEF,0
588,12,588,23,1,MID,84
589,12,589,23,1,FWD,90
590,12,590,23,1,MID,90
591,12,591,23,0,MID,6
592,12,592,23,0,DEF,0
593,12,593,23,1,DEF,90
594,12,594,23,0,MID,0
595,12,595,23,1,GK,90
596,12,596,23,0,DEF,25
597,12,597,23,0,FWD,0
598,12,598,23,0,FWD,0
599,12,599,24,1,GK,90
600,12,600,24,1,DEF,90
601,12,601,24,1,DEF,90
602,12,602,24,1,DEF,90
603,12,603,24,0,DEF,0
604,12,604,24,0,DEF,0
605,12,605,24,0,FWD,18
606,12,606,24,1,FWD,72
607,12,607,24,0,FWD,0
608,12,608,24,1,MID,90
609,12,609,24,0,MID,6
610,12,610,24,0,DEF,0
611,12,611,24,1,MID,84
612,12,612,24,0,MID,0
613,12,613,24,0,MID,18
614,12,614,24,0,GK,0
615,12,615,24,1,MID,72
616,12,616,24,0,FWD,0
617,12,617,24,0,FWD,6
618,12,618,24,1,DEF,72
619,12,619,24,1,DEF,90
620,12,620,24,0,GK,0
621,12,621,24,0,DEF,0
622,12,622,24,0,DEF,0
623,12,623,24,1,MID,84
624,12,624,24,0,MID,18
625,13,729,29,0,GK,0
626,13,730,29,0,DEF,0
627,13,731,29,0,DEF,0
628,13,732,29,0,DEF,0
629,13,733,29,1,DEF,90
630,13,734,29,0,MID,19
631,13,735,29,1,FWD,81
632,13,736,29,1,MID,71
633,13,737,29,1,MID,71
634,13,738,29,0,FWD,9
635,13,739,29,0,FWD,0
636,13,740,29,0,DEF,0
637,13,741,29,0,GK,0
638,13,742,29,1,DEF,90
639,13,743,29,0,MID,0
640,13,744,29,1,MID,87
641,13,745,29,0,FWD,3
642,13,746,29,0,MID,0
643,13,747,29,0,FWD,19
644,13,748,29,1,MID,90
645,13,749,29,1,FWD,90
646,13,750,29,1,DEF,90
647,13,751,29,1,GK,90
648,13,752,29,1,DEF,90
649,13,753,29,0,FWD,0
650,13,754,29,0,FWD,0
651,13,755,30,1,GK,90
652,13,756,30,0,DEF,0
653,13,757,30,1,DEF,90
654,13,758,30,1,DEF,90
655,13,759,30,0,DEF,0
656,13,760,30,1,MID,90
657,13,761,30,1,MID,61
658,13,762,30,0,MID,14
659,13,763,30,0,FWD,0
660,13,764,30,1,MID,79
661,13,765,30,0,MID,0
662,13,766,30,0,GK,0
663,13,767,30,1,DEF,76
664,13,768,30,0,MID,29
665,13,769,30,1,MID,61
666,13,770,30,0,MID,0
667,13,771,30,0,MID,29
668,13,772,30,0,MID,11
669,13,773,30,1,FWD,61
670,13,774,30,1,FWD,90
671,13,775,30,0,MID,29
672,13,776,30,1,DEF,90
673,13,777,30,0,GK,0
674,13,778,30,0,DEF,0
675,13,779,30,0,DEF,0
676,13,780,30,0,MID,0
677,14,625,25,1,GK,90
678,14,626,25,0,DEF,0
679,14,627,25,0,DEF,0
680,14,628,25,1,DEF,90
681,14,629,25,0,DEF,34
682,14,630,25,0,MID,0
683,14,631,25,1,MID,86
684,14,632,25,1,MID,90
685,14,633,25,0,FWD,24
686,14,634,25,1,FWD,90
687,14,635,25,1,FWD,86
688,14,636,25,0,GK,0
689,14,637,25,0,GK,0
690,14,638,25,0,FWD,0
691,14,639,25,1,DEF,90
692,14,640,25,0,DEF,0
693,14,641,25,1,FWD,66
694,14,642,25,0,DEF,0
695,14,643,25,0,MID,0
696,14,644,25,0,MID,4
697,14,645,25,1,DEF,56
698,14,646,25,0,MID,0
699,14,647,25,0,MID,34
700,14,648,25,1,MID,56
701,14,649,25,1,DEF,90
702,14,650,25,0,FWD,4
703,14,651,26,0,GK,0
704,14,652,26,1,DEF,90
705,14,653,26,1,DEF,90
706,14,654,26,0,DEF,0
707,14,655,26,0,DEF,19
708,14,656,26,0,DEF,0
709,14,657,26,0,FWD,0
710,14,658,26,1,MID,71
711,14,659,26,0,FWD,14
712,14,660,26,1,FWD,76
713,14,661,26,1,MID,76
714,14,662,26,0,FWD,0
715,14,663,26,1,DEF,88
716,14,664,26,1,MID,88
717,14,665,26,0,DEF,2
718,14,666,26,0,GK,0
719,14,667,26,1,MID,90
720,14,668,26,0,MID,0
721,14,669,26,1,MID,90
722,14,670,26,0,FWD,2
723,14,671,26,0,MID,0
724,14,672,26,1,FWD,90
725,14,673,26,1,GK,90
726,14,674,26,0,DEF,0
727,14,675,26,0,FWD,14
728,14,676,26,0,GK,0
729,15,781,31,0,GK,0
730,15,782,31,0,DEF,0
731,15,783,31,0,DEF,1
732,15,784,31,1,DEF,90
733,15,785,31,1,DEF,90
734,15,786,31,0,MID,27
735,15,787,31,1,MID,63
736,15,788,31,0,FWD,0
737,15,789,31,1,FWD,90
738,15,790,31,1,FWD,90
739,15,791,31,0,FWD,0
740,15,792,31,1,DEF,90
741,15,793,31,0,DEF,9
742,15,794,31,0,DEF,0
743,15,795,31,1,MID,90
744,15,796,31,0,MID,0
745,15,797,31,0,FWD,0
746,15,798,31,0,MID,1
747,15,799,31,0,FWD,1
748,15,800,31,0,FWD,0
749,15,801,31,1,GK,90
750,15,802,31,0,GK,0
751,15,803,31,1,MID,90
752,15,804,31,1,DEF,90
753,15,805,31,0,DEF,0
754,15,806,31,1,DEF,81
755,15,807,32,0,GK,0
756,15,808,32,0,DEF,0
757,15,809,32,1,DEF,90
758,15,810,32,0,DEF,0
759,15,811,32,1,MID,72
760,15,812,32,1,MID,90
761,15,813,32,0,MID,18
762,15,814,32,1,MID,90
763,15,815,32,1,FWD,46
764,15,816,32,0,MID,0
765,15,817,32,0,FWD,0
766,15,818,32,0,GK,0
767,15,819,32,1,DEF,90
768,15,820,32,0,MID,44
769,15,821,32,0,MID,0
770,15,822,32,1,DEF,90
771,15,823,32,1,DEF,46
772,15,824,32,0,FWD,9
773,15,825,32,0,FWD,1
774,15,826,32,1,MID,81
775,15,827,32,1,FWD,90
776,15,828,32,0,MID,0
777,15,829,32,1,GK,90
778,15,830,32,0,DEF,0
779,15,831,32,0,MID,44
780,15,832,32,0,MID,0
781,16,677,27,1,GK,90
782,16,678,27,0,DEF,0
783,16,679,27,0,DEF,25
784,16,680,27,1,DEF,90
785,16,681,27,1,DEF,90
786,16,682,27,1,MID,90
787,16,683,27,0,MID,0
788,16,684,27,1,MID,90
789,16,685,27,1,FWD,80
790,16,686,27,0,FWD,45
791,16,687,27,0,FWD,37
792,16,688,27,0,GK,0
793,16,689,27,0,DEF,0
794,16,690,27,1,MID,65
795,16,691,27,0,MID,0
796,16,692,27,0,MID,0
797,16,693,27,1,DEF,45
798,16,694,27,0,FWD,10
799,16,695,27,1,DEF,90
800,16,696,27,1,FWD,53
801,16,697,27,0,MID,0
802,16,698,27,0,GK,0
803,16,699,27,1,DEF,90
804,16,700,27,0,FWD,0
805,16,701,27,0,DEF,0
806,16,702,27,0,MID,0
807,16,703,28,1,GK,90
808,16,704,28,1,DEF,78
809,16,705,28,0,DEF,0
810,16,706,28,0,DEF,1
811,16,707,28,1,DEF,90
812,16,708,28,1,MID,90
813,16,709,28,0,FWD,0
814,16,710,28,1,MID,90
815,16,711,28,1,FWD,90
816,16,712,28,1,MID,90
817,16,713,28,1,MID,90
818,16,714,28,0,GK,0
819,16,715,28,1,DEF,68
820,16,716,28,0,MID,0
821,16,717,28,0,DEF,0
822,16,718,28,1,DEF,90
823,16,719,28,0,FWD,0
824,16,720,28,0,FWD,0
825,16,721,28,0,MID,22
826,16,722,28,1,MID,68
827,16,723,28,0,FWD,1
828,16,724,28,0,GK,0
829,16,725,28,0,MID,22
830,16,726,28,0,DEF,12
831,16,727,28,0,MID,0
832,16,728,28,0,DEF,0
833,17,833,33,0,GK,0
834,17,834,33,0,DEF,0
835,17,835,33,0,DEF,0
836,17,836,33,1,DEF,90
837,17,837,33,1,DEF,90
838,17,838,33,0,MID,0
839,17,839,33,1,FWD,80
840,17,840,33,1,MID,90
841,17,841,33,0,FWD,0
842,17,842,33,1,FWD,90
843,17,843,33,1,FWD,90
844,17,844,33,0,FWD,10
845,17,845,33,0,MID,0
846,17,846,33,1,MID,90
847,17,847,33,0,DEF,0
848,17,848,33,1,GK,90
849,17,849,33,1,DEF,90
850,17,850,33,0,MID,0
851,17,851,33,1,DEF,90
852,17,852,33,1,FWD,87
853,17,853,33,0,DEF,0
854,17,854,33,0,FWD,0
855,17,855,33,0,GK,0
856,17,856,33,0,MID,3
857,17,857,33,0,MID,0
858,17,858,33,0,DEF,0
859,17,859,34,0,GK,0
860,17,860,34,0,DEF,0
861,17,861,34,1,DEF,90
862,17,862,34,0,DEF,0
863,17,863,34,1,MID,88
864,17,864,34,0,MID,2
865,17,865,34,0,FWD,0
866,17,866,34,1,MID,75
867,17,867,34,0,FWD,7
868,17,868,34,1,FWD,90
869,17,869,34,1,FWD,83
870,17,870,34,0,FWD,0
871,17,871,34,0,FWD,7
872,17,872,34,0,DEF,0
873,17,873,34,1,DEF,90
874,17,874,34,1,GK,90
875,17,875,34,0,MID,0
876,17,876,34,1,FWD,75
877,17,877,34,1,DEF,90
878,17,878,34,0,FWD,15
879,17,879,34,0,MID,15
880,17,880,34,0,MID,0
881,17,881,34,0,GK,0
882,17,882,34,0,DEF,0
883,17,883,34,1,DEF,90
884,17,884,34,1,MID,83
885,18,885,35,0,GK,0
886,18,886,35,0,DEF,0
887,18,887,35,1,DEF,73
888,18,888,35,1,DEF,90
889,18,889,35,1,DEF,90
890,18,890,35,0,DEF,0
891,18,891,35,0,MID,0
892,18,892,35,1,MID,78
893,18,893,35,1,FWD,59
894,18,894,35,0,FWD,12
895,18,895,35,0,FWD,17
896,18,896,35,1,GK,90
897,18,897,35,0,FWD,0
898,18,898,35,0,MID,31
899,18,899,35,0,DEF,0
900,18,900,35,1,MID,90
901,18,901,35,1,FWD,73
902,18,902,35,1,FWD,90
903,18,903,35,0,MID,0
904,18,904,35,0,MID,0
905,18,905,35,0,FWD,31
906,18,906,35,0,GK,0
907,18,907,35,1,DEF,90
908,18,908,35,1,MID,59
909,18,909,35,0,DEF,17
910,18,910,35,0,DEF,0
911,18,911,36,1,GK,90
912,18,912,36,0,MID,0
913,18,913,36,1,DEF,90
914,18,914,36,0,DEF,17
915,18,915,36,1,DEF,73
916,18,916,36,0,MID,9
917,18,917,36,1,FWD,73
918,18,918,36,1,MID,90
919,18,919,36,1,FWD,90
920,18,920,36,1,MID,81
921,18,921,36,0,FWD,0
922,18,922,36,0,GK,0
923,18,923,36,0,GK,0
924,18,924,36,1,MID,73
925,18,925,36,0,DEF,0
926,18,926,36,0,DEF,0
927,18,927,36,1,DEF,90
928,18,928,36,0,MID,17
929,18,929,36,0,MID,0
930,18,930,36,1,FWD,73
931,18,931,36,0,MID,17
932,18,932,36,0,MID,17
933,18,933,36,0,MID,0
934,18,934,36,0,DEF,0
935,18,935,36,0,DEF,0
936,18,936,36,1,FWD,90
937,19,937,37,0,GK,0
938,19,938,37,0,DEF,0
939,19,939,37,0,DEF,0
940,19,940,37,1,DEF,46
941,19,941,37,0,MID,0
942,19,942,37,1,DEF,90
943,19,943,37,1,MID,90
944,19,944,37,0,MID,0
945,19,945,37,0,FWD,35
946,19,946,37,1,FWD,80
947,19,947,37,0,MID,0
948,19,948,37,0,GK,0
949,19,949,37,1,DEF,80
950,19,950,37,0,MID,0
951,19,951,37,0,MID,35
952,19,952,37,1,FWD,55
953,19,953,37,0,FWD,0
954,19,954,37,0,FWD,10
955,19,955,37,0,DEF,10
956,19,956,37,1,MID,90
957,19,957,37,0,FWD,0
958,19,958,37,1,FWD,55
959,19,959,37,1,GK,90
960,19,960,37,1,MID,90
961,19,961,37,1,DEF,90
962,19,962,37,0,DEF,44
963,19,963,38,0,GK,0
964,19,964,38,1,DEF,90
965,19,965,38,0,DEF,0
966,19,966,38,0,DEF,0
967,19,967,38,0,DEF,0
968,19,968,38,0,MID,8
969,19,969,38,0,FWD,26
970,19,970,38,0,MID,26
971,19,971,38,1,FWD,64
972,19,972,38,1,MID,90
973,19,973,38,1,FWD,64
974,19,974,38,0,FWD,0
975,19,975,38,0,DEF,0
976,19,976,38,1,MID,64
977,19,977,38,1,DEF,90
978,19,978,38,0,GK,0
979,19,979,38,1,DEF,90
980,19,980,38,0,FWD,26
981,19,981,38,1,MID,82
982,19,982,38,0,FWD,8
983,19,983,38,1,DEF,90
984,19,984,38,1,MID,82
985,19,985,38,1,GK,90
986,19,986,38,0,MID,0
987,19,987,38,0,FWD,0
988,19,988,38,0,DEF,0
989,20,989,39,1,GK,90
990,20,990,39,0,DEF,0
991,20,991,39,0,DEF,31
992,20,992,39,1,MID,59
993,20,993,39,1,DEF,90
994,20,994,39,1,MID,90
995,20,995,39,0,FWD,44
996,20,996,39,1,DEF,59
997,20,997,39,1,MID,90
998,20,998,39,0,MID,0
999,20,999,39,0,FWD,0
1000,20,1000,39,0,GK,0
1001,20,1001,39,0,GK,0
1002,20,1002,39,1,FWD,46
1003,20,1003,39,1,DEF,90
1004,20,1004,39,1,DEF,59
1005,20,1005,39,0,MID,31
1006,20,1006,39,1,MID,83
1007,20,1007,39,0,MID,0
1008,20,1008,39,1,MID,90
1009,20,1009,39,0,FWD,7
1010,20,1010,39,0,MID,0
1011,20,1011,39,0,DEF,0
1012,20,1012,39,0,MID,31
1013,20,1013,39,0,DEF,0
1014,20,1014,39,0,MID,0
1015,20,1015,40,1,GK,90
1016,20,1016,40,0,DEF,0
1017,20,1017,40,1,DEF,81
1018,20,1018,40,0,DEF,0
1019,20,1019,40,1,DEF,90
1020,20,1020,40,0,MID,0
1021,20,1021,40,0,FWD,0
1022,20,1022,40,1,MID,90
1023,20,1023,40,1,FWD,90
1024,20,1024,40,1,FWD,88
1025,20,1025,40,0,FWD,0
1026,20,1026,40,0,GK,0
1027,20,1027,40,0,FWD,8
1028,20,1028,40,0,MID,0
1029,20,1029,40,0,MID,0
1030,20,1030,40,1,DEF,72
1031,20,1031,40,0,DEF,18
1032,20,1032,40,0,MID,0
1033,20,1033,40,0,DEF,9
1034,20,1034,40,1,MID,90
1035,20,1035,40,1,MID,90
1036,20,1036,40,1,GK,89
1037,20,1037,40,1,DEF,82
1038,20,1038,40,0,FWD,1
1039,20,1039,40,0,MID,2
1040,20,1040,40,0,DEF,0
1041,21,1041,41,1,GK,90
1042,21,1042,41,0,DEF,18
1043,21,1043,41,0,DEF,0
1044,21,1044,41,1,DEF,90
1045,21,1045,41,0,DEF,0
1046,21,1046,41,0,MID,0
1047,21,1047,41,1,FWD,90
1048,21,1048,41,1,MID,90
1049,21,1049,41,0,FWD,7
1050,21,1050,41,1,MID,46
1051,21,1051,41,0,FWD,0
1052,21,1052,41,0,GK,0
1053,21,1053,41,1,DEF,90
1054,21,1054,41,0,DEF,0
1055,21,1055,41,1,MID,90
1056,21,1056,41,0,FWD,0
1057,21,1057,41,0,FWD,18
1058,21,1058,41,1,FWD,72
1059,21,1059,41,0,FWD,0
1060,21,1060,41,1,DEF,90
1061,21,1061,41,0,MID,0
1062,21,1062,41,0,GK,0
1063,21,1063,41,1,MID,83
1064,21,1064,41,0,DEF,0
1065,21,1065,41,1,DEF,72
1066,21,1066,41,0,FWD,44
1067,21,1067,42,1,GK,90
1068,21,1068,42,1,DEF,85
1069,21,1069,42,1,DEF,90
1070,21,1070,42,1,DEF,90
1071,21,1071,42,0,DEF,0
1072,21,1072,42,1,MID,57
1073,21,1073,42,0,MID,0
1074,21,1074,42,1,MID,90
1075,21,1075,42,0,FWD,0
1076,21,1076,42,0,MID,0
1077,21,1077,42,0,FWD,0
1078,21,1078,42,0,DEF,16
1079,21,1079,42,0,FWD,0
1080,21,1080,42,0,MID,33
1081,21,1081,42,0,MID,0
1082,21,1082,42,0,GK,0
1083,21,1083,42,1,FWD,85
1084,21,1084,42,0,MID,16
1085,21,1085,42,0,FWD,0
1086,21,1086,42,1,FWD,90
1087,21,1087,42,0,GK,0
1088,21,1088,42,1,DEF,90
1089,21,1089,42,0,FWD,5
1090,21,1090,42,0,DEF,5
1091,21,1091,42,1,MID,74
1092,21,1092,42,1,DEF,74
1093,22,1145,45,1,GK,90
1094,22,1146,45,1,DEF,90
1095,22,1147,45,1,DEF,90
1096,22,1148,45,1,MID,72
1097,22,1149,45,1,DEF,87
1098,22,1150,45,0,DEF,3
1099,22,1151,45,0,FWD,18
1100,22,1152,45,1,MID,90
1101,22,1153,45,1,FWD,90
1102,22,1154,45,1,MID,80
1103,22,1155,45,0,FWD,18
1104,22,1156,45,0,DEF,0
1105,22,1157,45,0,GK,0
1106,22,1158,45,0,MID,0
1107,22,1159,45,0,DEF,0
1108,22,1160,45,0,MID,0
1109,22,1161,45,0,MID,18
1110,22,1162,45,1,FWD,72
1111,22,1163,45,0,FWD,0
1112,22,1164,45,1,FWD,72
1113,22,1165,45,0,MID,0
1114,22,1166,45,0,FWD,0
1115,22,1167,45,0,GK,0
1116,22,1168,45,1,DEF,90
1117,22,1169,45,0,DEF,10
1118,22,1170,45,0,DEF,0
1119,22,1171,46,1,GK,90
1120,22,1172,46,1,DEF,90
1121,22,1173,46,0,DEF,0
1122,22,1174,46,1,DEF,90
1123,22,1175,46,0,DEF,0
1124,22,1176,46,1,DEF,90
1125,22,1177,46,0,MID,0
1126,22,1178,46,0,MID,32
1127,22,1179,46,0,FWD,12
1128,22,1180,46,1,MID,58
1129,22,1181,46,0,FWD,0
1130,22,1182,46,0,GK,0
1131,22,1183,46,0,MID,12
1132,22,1184,46,1,FWD,90
1133,22,1185,46,1,MID,78
1134,22,1186,46,1,MID,78
1135,22,1187,46,1,MID,90
1136,22,1188,46,0,DEF,0
1137,22,1189,46,0,MID,0
1138,22,1190,46,0,FWD,24
1139,22,1191,46,0,MID,0
1140,22,1192,46,1,DEF,66
1141,22,1193,46,0,GK,0
1142,22,1194,46,0,FWD,24
1143,22,1195,46,0,DEF,0
1144,22,1196,46,1,FWD,66
1145,23,1197,47,1,GK,46
1146,23,1198,47,0,DEF,0
1147,23,1199,47,1,MID,90
1148,23,1200,47,1,DEF,90
1149,23,1201,47,0,MID,0
1150,23,1202,47,0,DEF,0
1151,23,1203,47,0,FWD,32
1152,23,1204,47,0,MID,12
1153,23,1205,47,1,FWD,87
1154,23,1206,47,0,FWD,32
1155,23,1207,47,1,MID,90
1156,23,1208,47,0,GK,0
1157,23,1209,47,0,FWD,0
1158,23,1210,47,1,DEF,90
1159,23,1211,47,1,MID,78
1160,23,1212,47,0,GK,44
1161,23,1213,47,0,DEF,0
1162,23,1214,47,1,DEF,90
1163,23,1215,47,0,FWD,0
1164,23,1216,47,0,MID,0
1165,23,1217,47,0,DEF,0
1166,23,1218,47,1,FWD,58
1167,23,1219,47,0,DEF,0
1168,23,1220,47,1,FWD,58
1169,23,1221,47,0,FWD,3
1170,23,1222,47,1,DEF,90
1171,23,1223,48,0,GK,0
1172,23,1224,48,1,DEF,90
1173,23,1225,48,1,DEF,90
1174,23,1226,48,0,DEF,0
1175,23,1227,48,0,DEF,0
1176,23,1228,48,1,MID,63
1177,23,1229,48,1,MID,74
1178,23,1230,48,0,MID,0
1179,23,1231,48,0,FWD,0
1180,23,1232,48,0,MID,16
1181,23,1233,48,1,MID,90
1182,23,1234,48,0,GK,0
1183,23,1235,48,1,DEF,90
1184,23,1236,48,1,DEF,90
1185,23,1237,48,0,DEF,0
1186,23,1238,48,1,DEF,90
1187,23,1239,48,0,FWD,27
1188,23,1240,48,1,FWD,63
1189,23,1241,48,0,MID,0
1190,23,1242,48,0,MID,1
1191,23,1243,48,0,MID,0
1192,23,1244,48,1,GK,90
1193,23,1245,48,1,DEF,90
1194,23,1246,48,0,FWD,27
1195,23,1247,48,0,DEF,0
1196,23,1248,48,0,DEF,0
1197,24,1093,43,1,GK,90
1198,24,1094,43,1,DEF,90
1199,24,1095,43,0,DEF,0
1200,24,1096,43,0,DEF,44
1201,24,1097,43,1,DEF,77
1202,24,1098,43,1,MID,90
1203,24,1099,43,1,MID,90
1204,24,1100,43,0,MID,0
1205,24,1101,43,0,MID,0
1206,24,1102,43,0,MID,0
1207,24,1103,43,1,MID,46
1208,24,1104,43,0,GK,0
1209,24,1105,43,1,DEF,46
1210,24,1106,43,1,FWD,90
1211,24,1107,43,0,DEF,0
1212,24,1108,43,0,GK,0
1213,24,1109,43,0,MID,44
1214,24,1110,43,1,DEF,90
1215,24,1111,43,0,MID,0
1216,24,1112,43,0,FWD,13
1217,24,1113,43,0,FWD,1
1218,24,1114,43,1,MID,77
1219,24,1115,43,0,MID,0
1220,24,1116,43,1,DEF,90
1221,24,1117,43,0,DEF,0
1222,24,1118,43,0,DEF,13
1223,24,1119,44,0,GK,0
1224,24,1120,44,1,DEF,90
1225,24,1121,44,1,DEF,90
1226,24,1122,44,0,DEF,0
1227,24,1123,44,0,MID,1
1228,24,1124,44,0,MID,10
1229,24,1125,44,1,FWD,90
1230,24,1126,44,0,MID,0
1231,24,1127,44,0,FWD,0
1232,24,1128,44,1,MID,72
1233,24,1129,44,1,MID,90
1234,24,1130,44,1,GK,90
1235,24,1131,44,0,DEF,0
1236,24,1132,44,1,DEF,80
1237,24,1133,44,0,MID,0
1238,24,1134,44,1,MID,90
1239,24,1135,44,1,DEF,90
1240,24,1136,44,0,DEF,0
1241,24,1137,44,0,FWD,10
1242,24,1138,44,0,MID,0
1243,24,1139,44,0,FWD,18
1244,24,1140,44,0,DEF,0
1245,24,1141,44,1,DEF,90
1246,24,1142,44,0,GK,0
1247,24,1143,44,1,FWD,80
1248,24,1144,44,0,FWD,1
1249,25,1,1,1,GK,90
1250,25,2,1,1,DEF,90
1251,25,3,1,0,DEF,0
1252,25,4,1,1,DEF,90
1253,25,5,1,1,DEF,90
1254,25,6,1,1,MID,90
1255,25,7,1,1,MID,71
1256,25,8,1,0,MID,0
1257,25,9,1,1,FWD,80
1258,25,10,1,0,FWD,0
1259,25,11,1,0,FWD,10
1260,25,12,1,0,GK,0
1261,25,13,1,0,GK,0
1262,25,14,1,0,FWD,0
1263,25,15,1,0,DEF,10
1264,25,16,1,1,FWD,84
1265,25,17,1,0,MID,19
1266,25,18,1,0,MID,19
1267,25,19,1,0,MID,0
1268,25,20,1,0,DEF,0
1269,25,21,1,0,FWD,6
1270,25,22,1,0,FWD,0
1271,25,23,1,1,DEF,90
1272,25,24,1,0,MID,0
1273,25,25,1,1,FWD,80
1274,25,26,1,1,MID,71
1275,25,53,3,1,GK,90
1276,25,54,3,1,DEF,90
1277,25,55,3,1,MID,90
1278,25,56,3,1,DEF,90
1279,25,57,3,0,DEF,0
1280,25,58,3,1,MID,90
1281,25,59,3,1,FWD,57
1282,25,60,3,1,MID,77
1283,25,61,3,0,FWD,13
1284,25,62,3,1,MID,57
1285,25,63,3,0,MID,33
1286,25,64,3,0,GK,0
1287,25,65,3,0,DEF,0
1288,25,66,3,0,DEF,0
1289,25,67,3,1,DEF,71
1290,25,68,3,0,DEF,0
1291,25,69,3,0,MID,0
1292,25,70,3,0,FWD,33
1293,25,71,3,1,MID,90
1294,25,72,3,0,MID,19
1295,25,73,3,0,GK,0
1296,25,74,3,1,DEF,71
1297,25,75,3,0,DEF,0
1298,25,76,3,0,MID,0
1299,25,77,3,0,MID,19
1300,25,78,3,0,MID,0
1301,26,79,4,1,GK,90
1302,26,80,4,0,DEF,12
1303,26,81,4,1,DEF,90
1304,26,82,4,1,DEF,90
1305,26,83,4,1,DEF,90
1306,26,84,4,0,DEF,0
1307,26,85,4,1,DEF,90
1308,26,86,4,1,MID,55
1309,26,87,4,1,FWD,67
1310,26,88,4,1,FWD,90
1311,26,89,4,0,FWD,0
1312,26,90,4,1,MID,78
1313,26,91,4,0,FWD,0
1314,26,92,4,0,DEF,0
1315,26,93,4,0,FWD,35
1316,26,94,4,0,GK,0
1317,26,95,4,0,MID,23
1318,26,96,4,1,MID,67
1319,26,97,4,0,FWD,0
1320,26,98,4,0,DEF,35
1321,26,99,4,0,DEF,0
1322,26,100,4,0,MID,23
1323,26,101,4,0,GK,0
1324,26,102,4,1,MID,55
1325,26,103,4,0,MID,0
1326,26,104,4,0,FWD,0
1327,26,27,2,1,GK,90
1328,26,28,2,0,DEF,0
1329,26,29,2,0,DEF,0
1330,26,30,2,1,MID,90
1331,26,31,2,1,MID,90
1332,26,32,2,1,DEF,90
1333,26,33,2,1,FWD,90
1334,26,34,2,0,FWD,0
1335,26,35,2,0,FWD,0
1336,26,36,2,0,FWD,44
1337,26,37,2,0,MID,0
1338,26,38,2,1,FWD,84
1339,26,39,2,0,MID,0
1340,26,40,2,1,DEF,90
1341,26,41,2,1,FWD,66
1342,26,42,2,0,GK,0
1343,26,43,2,0,FWD,24
1344,26,44,2,0,DEF,0
1345,26,45,2,0,DEF,0
1346,26,46,2,1,DEF,90
1347,26,47,2,1,DEF,90
1348,26,48,2,0,GK,0
1349,26,49,2,1,MID,46
1350,26,50,2,0,DEF,0
1351,26,51,2,0,FWD,6
1352,26,52,2,0,DEF,0
1353,27,105,5,0,GK,0
1354,27,106,5,1,DEF,90
1355,27,107,5,0,DEF,0
1356,27,108,5,1,DEF,71
1357,27,109,5,0,DEF,0
1358,27,110,5,0,MID,0
1359,27,111,5,1,MID,90
1360,27,112,5,1,MID,56
1361,27,113,5,1,FWD,90
1362,27,114,5,1,FWD,90
1363,27,115,5,0,MID,0
1364,27,116,5,0,FWD,19
1365,27,117,5,1,DEF,46
1366,27,118,5,0,MID,19
1367,27,119,5,0,DEF,44
1368,27,120,5,1,GK,90
1369,27,121,5,1,FWD,83
1370,27,122,5,0,GK,0
1371,27,123,5,0,DEF,0
1372,27,124,5,1,FWD,71
1373,27,125,5,0,MID,0
1374,27,126,5,1,DEF,90
1375,27,127,5,0,DEF,7
1376,27,128,5,0,FWD,0
1377,27,129,5,0,MID,34
1378,27,130,5,0,FWD,0
1379,27,157,7,1,GK,90
1380,27,158,7,1,DEF,90
1381,27,159,7,0,DEF,3
1382,27,160,7,1,DEF,90
1383,27,161,7,1,DEF,46
1384,27,162,7,0,MID,0
1385,27,163,7,0,FWD,0
1386,27,164,7,1,FWD,46
1387,27,165,7,0,FWD,0
1388,27,166,7,0,FWD,0
1389,27,167,7,1,FWD,59
1390,27,168,7,0,MID,0
1391,27,169,7,1,DEF,90
1392,27,170,7,1,DEF,90
1393,27,171,7,1,FWD,40
1394,27,172,7,1,DEF,90
1395,27,173,7,0,MID,0
1396,27,174,7,0,DEF,50
1397,27,175,7,0,FWD,0
1398,27,176,7,0,MID,41
1399,27,177,7,0,GK,0
1400,27,178,7,0,GK,0
1401,27,179,7,1,MID,90
1402,27,180,7,0,FWD,0
1403,27,181,7,0,DEF,31
1404,27,182,7,0,FWD,44
1405,28,183,8,1,GK,90
1406,28,184,8,0,DEF,0
1407,28,185,8,1,DEF,86
1408,28,186,8,1,DEF,90
1409,28,187,8,1,DEF,90
1410,28,188,8,0,MID,0
1411,28,189,8,1,FWD,89
1412,28,190,8,1,MID,90
1413,28,191,8,0,MID,18
1414,28,192,8,1,MID,90
1415,28,193,8,1,FWD,72
1416,28,194,8,0,GK,0
1417,28,195,8,1,DEF,90
1418,28,196,8,0,MID,0
1419,28,197,8,0,MID,18
1420,28,198,8,0,FWD,0
1421,28,199,8,0,FWD,18
1422,28,200,8,0,DEF,0
1423,28,201,8,0,FWD,0
1424,28,202,8,1,MID,72
1425,28,203,8,0,GK,0
1426,28,204,8,1,MID,72
1427,28,205,8,0,FWD,0
1428,28,206,8,0,DEF,0
1429,28,207,8,0,DEF,4
1430,28,208,8,0,FWD,1
1431,28,131,6,1,GK,90
1432,28,132,6,0,DEF,0
1433,28,133,6,0,DEF,0
1434,28,134,6,1,DEF,90
1435,28,135,6,1,DEF,90
1436,28,136,6,1,MID,63
1437,28,137,6,1,DEF,90
1438,28,138,6,0,MID,0
1439,28,139,6,0,FWD,0
1440,28,140,6,1,FWD,85
1441,28,141,6,1,FWD,63
1442,28,142,6,0,GK,0
1443,28,143,6,0,MID,27
1444,28,144,6,1,MID,85
1445,28,145,6,1,MID,90
1446,28,146,6,0,MID,5
1447,28,147,6,0,MID,0
1448,28,148,6,1,DEF,90
1449,28,149,6,1,FWD,90
1450,28,150,6,0,FWD,27
1451,28,151,6,0,DEF,0
1452,28,152,6,0,GK,0
1453,28,153,6,0,FWD,0
1454,28,154,6,0,DEF,0
1455,28,155,6,0,FWD,5
1456,28,156,6,0,MID,1
1457,29,209,9,1,GK,90
1458,29,210,9,0,MID,9
1459,29,211,9,1,DEF,90
1460,29,212,9,1,DEF,90
1461,29,213,9,1,MID,90
1462,29,214,9,0,DEF,0
1463,29,215,9,1,FWD,81
1464,29,216,9,1,MID,81
1465,29,217,9,1,FWD,64
1466,29,218,9,0,FWD,0
1467,29,219,9,1,FWD,40
1468,29,220,9,0,GK,0
1469,29,221,9,1,DEF,90
1470,29,222,9,0,DEF,0
1471,29,223,9,0,DEF,0
1472,29,224,9,1,DEF,90
1473,29,225,9,0,MID,0
1474,29,226,9,0,MID,9
1475,29,227,9,0,FWD,26
1476,29,228,9,1,MID,64
1477,29,229,9,0,FWD,0
1478,29,230,9,0,FWD,26
1479,29,231,9,0,GK,0
1480,29,232,9,0,DEF,0
1481,29,233,9,0,FWD,0
1482,29,234,9,0,FWD,50
1483,29,261,11,1,GK,90
1484,29,262,11,1,DEF,46
1485,29,263,11,0,DEF,0
1486,29,264,11,1,DEF,90
1487,29,265,11,1,DEF,90
1488,29,266,11,0,MID,0
1489,29,267,11,0,FWD,9
1490,29,268,11,1,DEF,90
1491,29,269,11,0,FWD,0
1492,29,270,11,1,MID,81
1493,29,271,11,0,FWD,27
1494,29,272,11,0,GK,0
1495,29,273,11,0,DEF,0
1496,29,274,11,0,DEF,0
1497,29,275,11,1,FWD,71
1498,29,276,11,0,FWD,19
1499,29,277,11,1,MID,90
1500,29,278,11,0,FWD,44
1501,29,279,11,0,FWD,0
1502,29,280,11,1,FWD,46
1503,29,281,11,1,FWD,63
1504,29,282,11,1,DEF,90
1505,29,283,11,0,GK,0
1506,29,284,11,0,DEF,0
1507,29,285,11,0,MID,44
1508,29,286,11,0,MID,0
1509,30,287,12,1,GK,90
1510,30,288,12,0,DEF,0
1511,30,289,12,1,DEF,90
1512,30,290,12,1,MID,90
1513,30,291,12,1,DEF,90
1514,30,292,12,1,DEF,60
1515,30,293,12,1,MID,89
1516,30,294,12,0,MID,0
1517,30,295,12,0,FWD,19
1518,30,296,12,1,FWD,71
1519,30,297,12,1,MID,72
1520,30,298,12,0,GK,0
1521,30,299,12,1,DEF,90
1522,30,300,12,0,FWD,1
1523,30,301,12,0,DEF,0
1524,30,302,12,0,DEF,0
1525,30,303,12,0,FWD,30
1526,30,304,12,0,FWD,0
1527,30,305,12,1,MID,90
1528,30,306,12,0,FWD,0
1529,30,307,12,0,GK,0
1530,30,308,12,1,DEF,89
1531,30,309,12,0,MID,18
1532,30,310,12,0,DEF,1
1533,30,311,12,0,FWD,0
1534,30,312,12,0,DEF,0
1535,30,235,10,1,GK,90
1536,30,236,10,1,DEF,90
1537,30,237,10,1,DEF,90
1538,30,238,10,0,MID,0
1539,30,239,10,0,DEF,0
1540,30,240,10,1,MID,90
1541,30,241,10,0,MID,6
1542,30,242,10,1,MID,90
1543,30,243,10,0,FWD,6
1544,30,244,10,1,FWD,84
1545,30,245,10,1,MID,84
1546,30,246,10,0,GK,0
1547,30,247,10,0,DEF,0
1548,30,248,10,1,DEF,90
1549,30,249,10,0,MID,1
1550,30,250,10,0,MID,0
1551,30,251,10,0,FWD,0
1552,30,252,10,1,DEF,90
1553,30,253,10,0,DEF,0
1554,30,254,10,0,FWD,0
1555,30,255,10,0,FWD,6
1556,30,256,10,0,GK,0
1557,30,257,10,1,MID,84
1558,30,258,10,1,MID,90
1559,30,259,10,0,DEF,0
1560,30,260,10,0,DEF,0
1561,31,313,13,0,GK,0
1562,31,314,13,1,DEF,80
1563,31,315,13,1,DEF,90
1564,31,316,13,1,MID,90
1565,31,317,13,1,DEF,80
1566,31,318,13,0,DEF,10
1567,31,319,13,0,MID,1
1568,31,320,13,1,MID,90
1569,31,321,13,1,FWD,74
1570,31,322,13,0,FWD,0
1571,31,323,13,0,FWD,0
1572,31,324,13,0,DEF,0
1573,31,325,13,1,DEF,90
1574,31,326,13,0,MID,16
1575,31,327,13,0,MID,0
1576,31,328,13,1,DEF,90
1577,31,329,13,1,MID,90
1578,31,330,13,0,DEF,0
1579,31,331,13,0,FWD,1
1580,31,332,13,1,FWD,90
1581,31,333,13,0,FWD,0
1582,31,334,13,0,DEF,0
1583,31,335,13,0,DEF,10
1584,31,336,13,1,GK,90
1585,31,337,13,0,GK,0
1586,31,338,13,0,FWD,0
1587,31,365,15,0,GK,0
1588,31,366,15,0,DEF,0
1589,31,367,15,1,DEF,90
1590,31,368,15,1,DEF,90
1591,31,369,15,1,DEF,90
1592,31,370,15,0,DEF,44
1593,31,371,15,1,FWD,61
1594,31,372,15,0,MID,44
1595,31,373,15,1,FWD,46
1596,31,374,15,0,FWD,0
1597,31,375,15,0,FWD,0
1598,31,376,15,0,GK,0
1599,31,377,15,1,MID,90
1600,31,378,15,0,MID,0
1601,31,379,15,0,DEF,0
1602,31,380,15,0,DEF,0
1603,31,381,15,0,FWD,44
1604,31,382,15,1,GK,90
1605,31,383,15,1,DEF,90
1606,31,384,15,0,FWD,29
1607,31,385,15,1,DEF,46
1608,31,386,15,0,MID,12
1609,31,387,15,1,FWD,46
1610,31,388,15,1,MID,78
1611,31,389,15,0,DEF,0
1612,31,390,15,0,FWD,0
1613,32,391,16,0,GK,0
1614,32,392,16,0,DEF,0
1615,32,393,16,1,DEF,90
1616,32,394,16,0,DEF,0
1617,32,395,16,0,MID,0
1618,32,396,16,0,MID,4
1619,32,397,16,1,FWD,46
1620,32,398,16,1,FWD,90
1621,32,399,16,0,FWD,30
1622,32,400,16,1,MID,90
1623,32,401,16,1,FWD,90
1624,32,402,16,0,GK,0
1625,32,403,16,0,DEF,20
1626,32,404,16,1,DEF,86
1627,32,405,16,0,DEF,0
1628,32,406,16,1,MID,60
1629,32,407,16,1,FWD,90
1630,32,408,16,0,DEF,0
1631,32,409,16,1,FWD,60
1632,32,410,16,1,DEF,70
1633,32,411,16,0,FWD,44
1634,32,412,16,0,MID,0
1635,32,413,16,1,GK,90
1636,32,414,16,0,FWD,0
1637,32,415,16,0,DEF,0
1638,32,416,16,0,FWD,30
1639,32,339,14,0,GK,0
1640,32,340,14,0,DEF,23
1641,32,341,14,1,DEF,90
1642,32,342,14,1,DEF,81
1643,32,343,14,0,DEF,0
1644,32,344,14,1,DEF,90
1645,32,345,14,0,MID,0
1646,32,346,14,1,MID,67
1647,32,347,14,0,FWD,0
1648,32,348,14,1,MID,90
1649,32,349,14,0,MID,0
1650,32,350,14,1,GK,90
1651,32,351,14,0,DEF,1
1652,32,352,14,1,MID,90
1653,32,353,14,1,DEF,90
1654,32,354,14,0,MID,44
1655,32,355,14,0,FWD,0
1656,32,356,14,0,FWD,0
1657,32,357,14,1,FWD,90
1658,32,358,14,0,MID,0
1659,32,359,14,0,FWD,1
1660,32,360,14,0,GK,0
1661,32,361,14,1,MID,90
1662,32,362,14,0,MID,0
1663,32,363,14,1,FWD,46
1664,32,364,14,0,DEF,9
1665,33,417,17,1,GK,90
1666,33,418,17,0,DEF,44
1667,33,419,17,0,DEF,0
1668,33,420,17,1,DEF,90
1669,33,421,17,1,MID,60
1670,33,422,17,1,DEF,90
1671,33,423,17,1,FWD,85
1672,33,424,17,0,MID,5
1673,33,425,17,0,MID,30
1674,33,426,17,1,MID,60
1675,33,427,17,0,FWD,0
1676,33,428,17,0,GK,0
1677,33,429,17,0,MID,0
1678,33,430,17,0,FWD,0
1679,33,431,17,1,DEF,46
1680,33,432,17,0,MID,0
1681,33,433,17,1,MID,90
1682,33,434,17,1,DEF,90
1683,33,435,17,1,MID,60
1684,33,436,17,0,MID,30
1685,33,437,17,0,GK,0
1686,33,438,17,0,DEF,0
1687,33,439,17,1,MID,90
1688,33,440,17,0,DEF,0
1689,33,441,17,0,MID,0
1690,33,442,17,0,FWD,30
1691,33,469,19,1,GK,90
1692,33,470,19,0,DEF,0
1693,33,471,19,1,DEF,90
1694,33,472,19,0,MID,0
1695,33,473,19,1,DEF,82
1696,33,474,19,0,MID,15
1697,33,475,19,1,DEF,90
1698,33,476,19,1,MID,90
1699,33,477,19,1,FWD,75
1700,33,478,19,0,FWD,15
1701,33,479,19,1,FWD,85
1702,33,480,19,0,FWD,0
1703,33,481,19,0,DEF,0
1704,33,482,19,0,FWD,0
1705,33,483,19,1,FWD,75
1706,33,484,19,0,GK,0
1707,33,485,19,0,DEF,8
1708,33,486,19,1,MID,75
1709,33,487,19,0,FWD,5
1710,33,488,19,1,DEF,90
1711,33,489,19,0,DEF,0
1712,33,490,19,0,FWD,15
1713,33,491,19,0,GK,0
1714,33,492,19,0,FWD,0
1715,33,493,19,0,MID,0
1716,33,494,19,1,MID,90
1717,34,495,20,1,GK,90
1718,34,496,20,0,DEF,0
1719,34,497,20,1,DEF,90
1720,34,498,20,0,DEF,0
1721,34,499,20,1,MID,46
1722,34,500,20,1,DEF,90
1723,34,501,20,1,DEF,71
1724,34,502,20,0,MID,0
1725,34,503,20,1,FWD,89
1726,34,504,20,0,MID,0
1727,34,505,20,0,FWD,44
1728,34,506,20,0,GK,0
1729,34,507,20,1,FWD,90
1730,34,508,20,0,MID,0
1731,34,509,20,1,MID,90
1732,34,510,20,0,FWD,1
1733,34,511,20,0,DEF,7
1734,34,512,20,0,MID,0
1735,34,513,20,1,FWD,90
1736,34,514,20,0,FWD,19
1737,34,515,20,1,MID,83
1738,34,516,20,0,GK,0
1739,34,517,20,1,MID,90
1740,34,518,20,0,FWD,0
1741,34,519,20,0,DEF,0
1742,34,520,20,0,DEF,0
1743,34,443,18,1,GK,90
1744,34,444,18,0,DEF,0
1745,34,445,18,1,DEF,90
1746,34,446,18,0,DEF,15
1747,34,447,18,1,DEF,90
1748,34,448,18,0,MID,7
1749,34,449,18,1,MID,75
1750,34,450,18,1,MID,83
1751,34,451,18,1,FWD,83
1752,34,452,18,1,MID,90
1753,34,453,18,0,FWD,0
1754,34,454,18,0,FWD,0
1755,34,455,18,0,FWD,0
1756,34,456,18,0,FWD,15
1757,34,457,18,0,MID,0
1758,34,458,18,0,FWD,15
1759,34,459,18,0,FWD,0
1760,34,460,18,1,DEF,90
1761,34,461,18,0,FWD,7
1762,34,462,18,1,DEF,90
1763,34,463,18,1,MID,75
1764,34,464,18,0,MID,0
1765,34,465,18,0,DEF,0
1766,34,466,18,1,DEF,75
1767,34,467,18,0,GK,0
1768,34,468,18,0,GK,0
1769,35,521,21,1,GK,90
1770,35,522,21,0,DEF,0
1771,35,523,21,0,MID,0
1772,35,524,21,1,DEF,90
1773,35,525,21,0,DEF,0
1774,35,526,21,1,DEF,90
1775,35,527,21,0,MID,0
1776,35,528,21,1,MID,90
1777,35,529,21,0,FWD,0
1778,35,530,21,0,FWD,18
1779,35,531,21,1,FWD,90
1780,35,532,21,0,DEF,0
1781,35,533,21,0,GK,0
1782,35,534,21,1,MID,59
1783,35,535,21,1,DEF,90
1784,35,536,21,0,MID,31
1785,35,537,21,0,FWD,1
1786,35,538,21,1,FWD,46
1787,35,539,21,1,FWD,72
1788,35,540,21,0,MID,31
1789,35,541,21,1,MID,59
1790,35,542,21,1,DEF,90
1791,35,543,21,0,GK,0
1792,35,544,21,0,FWD,44
1793,35,545,21,0,DEF,0
1794,35,546,21,0,MID,0
1795,35,573,23,0,GK,0
1796,35,574,23,1,DEF,90
1797,35,575,23,1,DEF,90
1798,35,576,23,1,DEF,90
1799,35,577,23,1,DEF,90
1800,35,578,23,0,DEF,0
1801,35,579,23,0,MID,35
1802,35,580,23,0,DEF,0
1803,35,581,23,1,FWD,90
1804,35,582,23,1,MID,55
1805,35,583,23,0,FWD,35
1806,35,584,23,0,GK,0
1807,35,585,23,0,MID,0
1808,35,586,23,0,DEF,0
1809,35,587,23,0,DEF,0
1810,35,588,23,1,MID,55
1811,35,589,23,1,FWD,90
1812,35,590,23,1,MID,79
1813,35,591,23,0,MID,0
1814,35,592,23,0,DEF,0
1815,35,593,23,1,DEF,55
1816,35,594,23,0,MID,35
1817,35,595,23,1,GK,90
1818,35,596,23,0,DEF,1
1819,35,597,23,0,FWD,0
1820,35,598,23,0,FWD,11
1821,36,599,24,0,GK,0
1822,36,600,24,1,DEF,90
1823,36,601,24,1,DEF,90
1824,36,602,24,1,DEF,90
1825,36,603,24,0,DEF,0
1826,36,604,24,1,DEF,46
1827,36,605,24,0,FWD,1
1828,36,606,24,1,FWD,46
1829,36,607,24,0,FWD,0
1830,36,608,24,1,MID,90
1831,36,609,24,0,MID,44
1832,36,610,24,0,DEF,0
1833,36,611,24,0,MID,1
1834,36,612,24,0,MID,0
1835,36,613,24,0,MID,0
1836,36,614,24,1,GK,90
1837,36,615,24,1,MID,90
1838,36,616,24,0,FWD,0
1839,36,617,24,0,FWD,26
1840,36,618,24,1,DEF,90
1841,36,619,24,0,DEF,44
1842,36,620,24,0,GK,0
1843,36,621,24,0,DEF,0
1844,36,622,24,0,DEF,0
1845,36,623,24,1,MID,90
1846,36,624,24,1,MID,64
1847,36,547,22,1,GK,90
1848,36,548,22,0,DEF,16
1849,36,549,22,0,DEF,0
1850,36,550,22,1,DEF,90
1851,36,551,22,0,DEF,0
1852,36,552,22,0,FWD,0
1853,36,553,22,1,MID,90
1854,36,554,22,0,MID,0
1855,36,555,22,0,FWD,6
1856,36,556,22,1,MID,74
1857,36,557,22,0,MID,0
1858,36,558,22,0,GK,0
1859,36,559,22,1,MID,78
1860,36,560,22,1,MID,90
1861,36,561,22,1,MID,74
1862,36,562,22,0,DEF,0
1863,36,563,22,0,MID,12
1864,36,564,22,1,FWD,84
1865,36,565,22,0,FWD,0
1866,36,566,22,0,DEF,12
1867,36,567,22,1,DEF,90
1868,36,568,22,1,DEF,78
1869,36,569,22,0,GK,0
1870,36,570,22,1,MID,90
1871,36,571,22,0,DEF,16
1872,36,572,22,0,FWD,0
1873,37,625,25,1,GK,90
1874,37,626,25,0,DEF,0
1875,37,627,25,0,DEF,17
1876,37,628,25,1,DEF,90
1877,37,629,25,1,DEF,90
1878,37,630,25,0,MID,0
1879,37,631,25,1,MID,87
1880,37,632,25,1,MID,90
1881,37,633,25,1,FWD,73
1882,37,634,25,1,FWD,90
1883,37,635,25,0,FWD,0
1884,37,636,25,0,GK,0
1885,37,637,25,0,GK,0
1886,37,638,25,0,FWD,32
1887,37,639,25,1,DEF,58
1888,37,640,25,0,DEF,0
1889,37,641,25,0,FWD,0
1890,37,642,25,0,DEF,0
1891,37,643,25,0,MID,0
1892,37,644,25,0,MID,32
1893,37,645,25,0,DEF,32
1894,37,646,25,1,MID,58
1895,37,647,25,1,MID,58
1896,37,648,25,0,MID,0
1897,37,649,25,1,DEF,90
1898,37,650,25,0,FWD,3
1899,37,677,27,1,GK,90
1900,37,678,27,1,DEF,46
1901,37,679,27,1,DEF,66
1902,37,680,27,1,DEF,90
1903,37,681,27,0,DEF,24
1904,37,682,27,1,MID,85
1905,37,683,27,0,MID,44
1906,37,684,27,1,MID,66
1907,37,685,27,1,FWD,90
1908,37,686,27,0,FWD,0
1909,37,687,27,0,FWD,0
1910,37,688,27,0,GK,0
1911,37,689,27,1,DEF,90
1912,37,690,27,1,MID,79
1913,37,691,27,0,MID,0
1914,37,692,27,0,MID,24
1915,37,693,27,0,DEF,0
1916,37,694,27,0,FWD,5
1917,37,695,27,1,DEF,90
1918,37,696,27,0,FWD,11
1919,37,697,27,0,MID,0
1920,37,698,27,0,GK,0
1921,37,699,27,1,DEF,90
1922,37,700,27,0,FWD,0
1923,37,701,27,0,DEF,0
1924,37,702,27,0,MID,0
1925,38,703,28,1,GK,90
1926,38,704,28,1,DEF,85
1927,38,705,28,0,DEF,5
1928,38,706,28,0,DEF,5
1929,38,707,28,1,DEF,90
1930,38,708,28,1,MID,90
1931,38,709,28,0,FWD,0
1932,38,710,28,1,MID,90
1933,38,711,28,1,FWD,90
1934,38,712,28,1,MID,76
1935,38,713,28,1,MID,85
1936,38,714,28,0,GK,0
1937,38,715,28,1,DEF,76
1938,38,716,28,0,MID,0
1939,38,717,28,0,DEF,0
1940,38,718,28,1,DEF,90
1941,38,719,28,0,FWD,0
1942,38,720,28,0,FWD,0
1943,38,721,28,0,MID,24
1944,38,722,28,1,MID,66
1945,38,723,28,0,FWD,14
1946,38,724,28,0,GK,0
1947,38,725,28,0,MID,14
1948,38,726,28,0,DEF,0
1949,38,727,28,0,MID,0
1950,38,728,28,0,DEF,0
1951,38,651,26,0,GK,0
1952,38,652,26,1,DEF,90
1953,38,653,26,1,DEF,90
1954,38,654,26,0,DEF,6
1955,38,655,26,0,DEF,49
1956,38,656,26,0,DEF,1
1957,38,657,26,0,FWD,14
1958,38,658,26,1,MID,84
1959,38,659,26,0,FWD,14
1960,38,660,26,1,FWD,84
1961,38,661,26,1,MID,76
1962,38,662,26,0,FWD,0
1963,38,663,26,1,DEF,90
1964,38,664,26,1,MID,41
1965,38,665,26,0,DEF,0
1966,38,666,26,0,GK,0
1967,38,667,26,1,MID,90
1968,38,668,26,0,MID,0
1969,38,669,26,1,MID,90
1970,38,670,26,0,FWD,0
1971,38,671,26,0,MID,0
1972,38,672,26,1,FWD,76
1973,38,673,26,1,GK,90
1974,38,674,26,0,DEF,0
1975,38,675,26,0,FWD,6
1976,38,676,26,0,GK,0
1977,39,729,29,0,GK,0
1978,39,730,29,0,DEF,0
1979,39,731,29,0,DEF,0
1980,39,732,29,0,DEF,0
1981,39,733,29,0,DEF,0
1982,39,734,29,0,MID,29
1983,39,735,29,0,FWD,44
1984,39,736,29,0,MID,20
1985,39,737,29,0,MID,0
1986,39,738,29,1,FWD,61
1987,39,739,29,0,FWD,44
1988,39,740,29,1,DEF,90
1989,39,741,29,0,GK,0
1990,39,742,29,1,DEF,90
1991,39,743,29,1,MID,61
1992,39,744,29,1,MID,90
1993,39,745,29,0,FWD,29
1994,39,746,29,0,MID,0
1995,39,747,29,1,FWD,46
1996,39,748,29,1,MID,70
1997,39,749,29,1,FWD,46
1998,39,750,29,1,DEF,90
1999,39,751,29,1,GK,90
2000,39,752,29,1,DEF,90
2001,39,753,29,0,FWD,0
2002,39,754,29,0,FWD,0
2003,39,781,31,0,GK,0
2004,39,782,31,0,DEF,0
2005,39,783,31,1,DEF,90
2006,39,784,31,1,DEF,60
2007,39,785,31,1,DEF,90
2008,39,786,31,1,MID,90
2009,39,787,31,1,MID,46
2010,39,788,31,0,FWD,0
2011,39,789,31,1,FWD,60
2012,39,790,31,1,FWD,90
2013,39,791,31,0,FWD,0
2014,39,792,31,1,DEF,90
2015,39,793,31,0,DEF,0
2016,39,794,31,0,DEF,0
2017,39,795,31,1,MID,46
2018,39,796,31,0,MID,0
2019,39,797,31,0,FWD,1
2020,39,798,31,0,MID,30
2021,39,799,31,0,FWD,44
2022,39,800,31,0,FWD,0
2023,39,801,31,1,GK,90
2024,39,802,31,0,GK,0
2025,39,803,31,0,MID,44
2026,39,804,31,1,DEF,90
2027,39,805,31,0,DEF,0
2028,39,806,31,0,DEF,30
2029,40,807,32,0,GK,0
2030,40,808,32,0,DEF,0
2031,40,809,32,1,DEF,90
2032,40,810,32,0,DEF,0
2033,40,811,32,1,MID,70
2034,40,812,32,1,MID,90
2035,40,813,32,0,MID,20
2036,40,814,32,1,MID,90
2037,40,815,32,0,FWD,20
2038,40,816,32,0,MID,0
2039,40,817,32,0,FWD,0
2040,40,818,32,0,GK,0
2041,40,819,32,1,DEF,90
2042,40,820,32,1,MID,90
2043,40,821,32,0,MID,0
2044,40,822,32,1,DEF,90
2045,40,823,32,0,DEF,0
2046,40,824,32,0,FWD,9
2047,40,825,32,0,FWD,0
2048,40,826,32,1,MID,81
2049,40,827,32,1,FWD,70
2050,40,828,32,0,MID,0
2051,40,829,32,1,GK,90
2052,40,830,32,0,DEF,0
2053,40,831,32,1,MID,90
2054,40,832,32,0,MID,0
2055,40,755,30,1,GK,90
2056,40,756,30,0,DEF,0
2057,40,757,30,1,DEF,90
2058,40,758,30,1,DEF,90
2059,40,759,30,0,DEF,0
2060,40,760,30,1,MID,70
2061,40,761,30,0,MID,0
2062,40,762,30,0,MID,0
2063,40,763,30,1,FWD,58
2064,40,764,30,1,MID,80
2065,40,765,30,1,MID,58
2066,40,766,30,0,GK,0
2067,40,767,30,1,DEF,90
2068,40,768,30,0,MID,44
2069,40,769,30,0,MID,20
2070,40,770,30,0,MID,10
2071,40,771,30,0,MID,0
2072,40,772,30,1,MID,46
2073,40,773,30,0,FWD,0
2074,40,774,30,1,FWD,90
2075,40,775,30,0,MID,32
2076,40,776,30,1,DEF,90
2077,40,777,30,0,GK,0
2078,40,778,30,0,DEF,0
2079,40,779,30,0,DEF,0
2080,40,780,30,0,MID,32
2081,41,833,33,0,GK,0
2082,41,834,33,0,DEF,7
2083,41,835,33,1,DEF,90
2084,41,836,33,1,DEF,90
2085,41,837,33,1,DEF,83
2086,41,838,33,1,MID,90
2087,41,839,33,1,FWD,68
2088,41,840,33,0,MID,0
2089,41,841,33,0,FWD,1
2090,41,842,33,1,FWD,90
2091,41,843,33,1,FWD,68
2092,41,844,33,1,FWD,83
2093,41,845,33,0,MID,0
2094,41,846,33,1,MID,90
2095,41,847,33,0,DEF,0
2096,41,848,33,1,GK,90
2097,41,849,33,1,DEF,90
2098,41,850,33,0,MID,0
2099,41,851,33,0,DEF,0
2100,41,852,33,0,FWD,22
2101,41,853,33,0,DEF,0
2102,41,854,33,0,FWD,0
2103,41,855,33,0,GK,0
2104,41,856,33,0,MID,22
2105,41,857,33,0,MID,7
2106,41,858,33,0,DEF,0
2107,41,885,35,0,GK,0
2108,41,886,35,0,DEF,30
2109,41,887,35,1,DEF,90
2110,41,888,35,1,DEF,60
2111,41,889,35,1,DEF,90
2112,41,890,35,0,DEF,0
2113,41,891,35,0,MID,30
2114,41,892,35,1,MID,68
2115,41,893,35,0,FWD,64
2116,41,894,35,0,FWD,0
2117,41,895,35,1,FWD,90
2118,41,896,35,0,GK,0
2119,41,897,35,0,FWD,0
2120,41,898,35,1,MID,90
2121,41,899,35,0,DEF,0
2122,41,900,35,1,MID,68
2123,41,901,35,0,FWD,0
2124,41,902,35,1,FWD,26
2125,41,903,35,0,MID,0
2126,41,904,35,0,MID,22
2127,41,905,35,0,FWD,22
2128,41,906,35,1,GK,90
2129,41,907,35,1,DEF,90
2130,41,908,35,1,MID,60
2131,41,909,35,0,DEF,0
2132,41,910,35,0,DEF,0
2133,42,911,36,1,GK,90
2134,42,912,36,0,MID,0
2135,42,913,36,1,DEF,90
2136,42,914,36,0,DEF,6
2137,42,915,36,1,DEF,90
2138,42,916,36,0,MID,44
2139,42,917,36,1,FWD,84
2140,42,918,36,1,MID,90
2141,42,919,36,1,FWD,90
2142,42,920,36,1,MID,90
2143,42,921,36,0,FWD,0
2144,42,922,36,0,GK,0
2145,42,923,36,0,GK,0
2146,42,924,36,1,MID,46
2147,42,925,36,0,DEF,0
2148,42,926,36,0,DEF,77
2149,42,927,36,1,DEF,84
2150,42,928,36,0,MID,0
2151,42,929,36,0,MID,0
2152,42,930,36,1,FWD,71
2153,42,931,36,0,MID,19
2154,42,932,36,0,MID,6
2155,42,933,36,0,MID,0
2156,42,934,36,0,DEF,0
2157,42,935,36,0,DEF,0
2158,42,936,36,1,FWD,13
2159,42,859,34,0,GK,0
2160,42,860,34,0,DEF,0
2161,42,861,34,1,DEF,72
2162,42,862,34,0,DEF,0
2163,42,863,34,1,MID,90
2164,42,864,34,0,MID,27
2165,42,865,34,0,FWD,0
2166,42,866,34,1,MID,63
2167,42,867,34,0,FWD,0
2168,42,868,34,1,FWD,90
2169,42,869,34,1,FWD,90
2170,42,870,34,0,FWD,0
2171,42,871,34,0,FWD,0
2172,42,872,34,0,DEF,36
2173,42,873,34,1,DEF,90
2174,42,874,34,1,GK,63
2175,42,875,34,0,MID,18
2176,42,876,34,1,FWD,90
2177,42,877,34,1,DEF,90
2178,42,878,34,0,FWD,36
2179,42,879,34,0,MID,0
2180,42,880,34,0,MID,0
2181,42,881,34,0,GK,27
2182,42,882,34,0,DEF,0
2183,42,883,34,1,DEF,54
2184,42,884,34,1,MID,54
2185,43,937,37,0,GK,0
2186,43,938,37,0,DEF,0
2187,43,939,37,0,DEF,8
2188,43,940,37,0,DEF,0
2189,43,941,37,0,MID,8
2190,43,942,37,1,DEF,90
2191,43,943,37,1,MID,82
2192,43,944,37,0,MID,0
2193,43,945,37,0,FWD,26
2194,43,946,37,1,FWD,90
2195,43,947,37,0,MID,0
2196,43,948,37,0,GK,0
2197,43,949,37,1,DEF,57
2198,43,950,37,0,MID,0
2199,43,951,37,0,MID,26
2200,43,952,37,1,FWD,64
2201,43,953,37,0,FWD,0
2202,43,954,37,0,FWD,0
2203,43,955,37,0,DEF,33
2204,43,956,37,1,MID,90
2205,43,957,37,0,FWD,0
2206,43,958,37,1,FWD,64
2207,43,959,37,1,GK,90
2208,43,960,37,1,MID,90
2209,43,961,37,1,DEF,82
2210,43,962,37,1,DEF,90
2211,43,989,39,1,GK,90
2212,43,990,39,0,DEF,0
2213,43,991,39,1,DEF,90
2214,43,992,39,1,MID,90
2215,43,993,39,1,DEF,67
2216,43,994,39,1,MID,90
2217,43,995,39,0,FWD,23
2218,43,996,39,1,DEF,67
2219,43,997,39,1,MID,90
2220,43,998,39,0,MID,0
2221,43,999,39,1,FWD,85
2222,43,1000,39,0,GK,0
2223,43,1001,39,0,GK,0
2224,43,1002,39,0,FWD,0
2225,43,1003,39,0,DEF,0
2226,43,1004,39,0,DEF,0
2227,43,1005,39,0,MID,5
2228,43,1006,39,1,MID,78
2229,43,1007,39,0,MID,0
2230,43,1008,39,1,MID,90
2231,43,1009,39,0,FWD,12
2232,43,1010,39,0,MID,23
2233,43,1011,39,0,DEF,23
2234,43,1012,39,1,MID,67
2235,43,1013,39,0,DEF,0
2236,43,1014,39,0,MID,0
2237,44,1015,40,1,GK,90
2238,44,1016,40,0,DEF,5
2239,44,1017,40,1,DEF,90
2240,44,1018,40,1,DEF,90
2241,44,1019,40,1,DEF,90
2242,44,1020,40,0,MID,0
2243,44,1021,40,0,FWD,1
2244,44,1022,40,1,MID,90
2245,44,1023,40,1,FWD,90
2246,44,1024,40,1,FWD,84
2247,44,1025,40,0,FWD,0
2248,44,1026,40,0,GK,0
2249,44,1027,40,1,FWD,76
2250,44,1028,40,0,MID,0
2251,44,1029,40,0,MID,0
2252,44,1030,40,0,DEF,0
2253,44,1031,40,0,DEF,1
2254,44,1032,40,0,MID,0
2255,44,1033,40,0,DEF,0
2256,44,1034,40,1,MID,85
2257,44,1035,40,1,MID,90
2258,44,1036,40,0,GK,14
2259,44,1037,40,1,DEF,90
2260,44,1038,40,0,FWD,6
2261,44,1039,40,0,MID,0
2262,44,1040,40,0,DEF,0
2263,44,963,38,0,GK,0
2264,44,964,38,1,DEF,90
2265,44,965,38,0,DEF,0
2266,44,966,38,0,DEF,0
2267,44,967,38,0,DEF,4
2268,44,968,38,1,MID,45
2269,44,969,38,1,FWD,76
2270,44,970,38,0,MID,0
2271,44,971,38,1,FWD,86
2272,44,972,38,1,MID,90
2273,44,973,38,0,FWD,14
2274,44,974,38,0,FWD,45
2275,44,975,38,0,DEF,5
2276,44,976,38,1,MID,45
2277,44,977,38,1,DEF,85
2278,44,978,38,0,GK,0
2279,44,979,38,1,DEF,90
2280,44,980,38,0,FWD,0
2281,44,981,38,0,MID,45
2282,44,982,38,0,FWD,0
2283,44,983,38,1,DEF,90
2284,44,984,38,1,MID,90
2285,44,985,38,1,GK,90
2286,44,986,38,0,MID,0
2287,44,987,38,0,FWD,0
2288,44,988,38,0,DEF,0
2289,45,1041,41,1,GK,90
2290,45,1042,41,0,DEF,44
2291,45,1043,41,1,DEF,90
2292,45,1044,41,0,DEF,0
2293,45,1045,41,0,DEF,0
2294,45,1046,41,0,MID,0
2295,45,1047,41,1,FWD,90
2296,45,1048,41,1,MID,90
2297,45,1049,41,0,FWD,0
2298,45,1050,41,0,MID,14
2299,45,1051,41,1,FWD,63
2300,45,1052,41,0,GK,0
2301,45,1053,41,1,DEF,90
2302,45,1054,41,0,DEF,0
2303,45,1055,41,1,MID,76
2304,45,1056,41,0,FWD,27
2305,45,1057,41,0,FWD,7
2306,45,1058,41,1,FWD,46
2307,45,1059,41,0,FWD,0
2308,45,1060,41,1,DEF,46
2309,45,1061,41,0,MID,0
2310,45,1062,41,0,GK,0
2311,45,1063,41,1,MID,83
2312,45,1064,41,0,DEF,0
2313,45,1065,41,1,DEF,90
2314,45,1066,41,0,FWD,44
2315,45,1093,43,0,GK,0
2316,45,1094,43,1,DEF,90
2317,45,1095,43,0,DEF,44
2318,45,1096,43,0,DEF,0
2319,45,1097,43,1,DEF,90
2320,45,1098,43,0,MID,44
2321,45,1099,43,1,MID,90
2322,45,1100,43,0,MID,0
2323,45,1101,43,1,MID,46
2324,45,1102,43,0,MID,1
2325,45,1103,43,0,MID,0
2326,45,1104,43,1,GK,90
2327,45,1105,43,1,DEF,46
2328,45,1106,43,1,FWD,90
2329,45,1107,43,0,DEF,0
2330,45,1108,43,0,GK,0
2331,45,1109,43,0,MID,0
2332,45,1110,43,1,DEF,90
2333,45,1111,43,1,MID,90
2334,45,1112,43,0,FWD,0
2335,45,1113,43,0,FWD,17
2336,45,1114,43,1,MID,73
2337,45,1115,43,0,MID,1
2338,45,1116,43,1,DEF,90
2339,45,1117,43,0,DEF,0
2340,45,1118,43,0,DEF,0
2341,46,1119,44,0,GK,0
2342,46,1120,44,1,DEF,90
2343,46,1121,44,1,DEF,90
2344,46,1122,44,0,DEF,0
2345,46,1123,44,0,MID,0
2346,46,1124,44,0,MID,13
2347,46,1125,44,1,FWD,90
2348,46,1126,44,0,MID,0
2349,46,1127,44,0,FWD,32
2350,46,1128,44,1,MID,58
2351,46,1129,44,1,MID,77
2352,46,1130,44,1,GK,90
2353,46,1131,44,0,DEF,0
2354,46,1132,44,1,DEF,90
2355,46,1133,44,0,MID,0
2356,46,1134,44,1,MID,90
2357,46,1135,44,1,DEF,90
2358,46,1136,44,0,DEF,0
2359,46,1137,44,0,FWD,0
2360,46,1138,44,0,MID,32
2361,46,1139,44,0,FWD,0
2362,46,1140,44,0,DEF,0
2363,46,1141,44,1,DEF,90
2364,46,1142,44,0,GK,0
2365,46,1143,44,1,FWD,58
2366,46,1144,44,0,FWD,0
2367,46,1067,42,1,GK,90
2368,46,1068,42,1,DEF,90
2369,46,1069,42,1,DEF,90
2370,46,1070,42,1,DEF,90
2371,46,1071,42,0,DEF,0
2372,46,1072,42,1,MID,46
2373,46,1073,42,0,MID,8
2374,46,1074,42,1,MID,82
2375,46,1075,42,0,FWD,0
2376,46,1076,42,0,MID,0
2377,46,1077,42,0,FWD,0
2378,46,1078,42,0,DEF,19
2379,46,1079,42,0,FWD,0
2380,46,1080,42,0,MID,44
2381,46,1081,42,0,MID,0
2382,46,1082,42,0,GK,0
2383,46,1083,42,1,FWD,57
2384,46,1084,42,0,MID,19
2385,46,1085,42,0,FWD,0
2386,46,1086,42,1,FWD,90
2387,46,1087,42,0,GK,0
2388,46,1088,42,1,DEF,90
2389,46,1089,42,0,FWD,33
2390,46,1090,42,0,DEF,0
2391,46,1091,42,1,MID,71
2392,46,1092,42,1,DEF,71
2393,47,1145,45,1,GK,90
2394,47,1146,45,1,DEF,90
2395,47,1147,45,0,DEF,25
2396,47,1148,45,1,MID,90
2397,47,1149,45,0,DEF,0
2398,47,1150,45,1,DEF,90
2399,47,1151,45,0,FWD,25
2400,47,1152,45,1,MID,74
2401,47,1153,45,1,FWD,90
2402,47,1154,45,1,MID,74
2403,47,1155,45,0,FWD,7
2404,47,1156,45,0,DEF,0
2405,47,1157,45,0,GK,0
2406,47,1158,45,0,MID,0
2407,47,1159,45,0,DEF,0
2408,47,1160,45,0,MID,0
2409,47,1161,45,0,MID,16
2410,47,1162,45,1,FWD,65
2411,47,1163,45,0,FWD,0
2412,47,1164,45,1,FWD,83
2413,47,1165,45,0,MID,16
2414,47,1166,45,0,FWD,0
2415,47,1167,45,0,GK,0
2416,47,1168,45,1,DEF,90
2417,47,1169,45,1,DEF,65
2418,47,1170,45,0,DEF,0
2419,47,1197,47,0,GK,0
2420,47,1198,47,0,DEF,0
2421,47,1199,47,1,MID,90
2422,47,1200,47,1,DEF,90
2423,47,1201,47,1,MID,90
2424,47,1202,47,0,DEF,0
2425,47,1203,47,0,FWD,24
2426,47,1204,47,1,MID,90
2427,47,1205,47,1,FWD,66
2428,47,1206,47,0,FWD,0
2429,47,1207,47,1,MID,90
2430,47,1208,47,0,GK,0
2431,47,1209,47,0,FWD,0
2432,47,1210,47,1,DEF,90
2433,47,1211,47,0,MID,0
2434,47,1212,47,1,GK,90
2435,47,1213,47,0,DEF,1
2436,47,1214,47,1,DEF,90
2437,47,1215,47,1,FWD,66
2438,47,1216,47,0,MID,0
2439,47,1217,47,0,DEF,3
2440,47,1218,47,0,FWD,0
2441,47,1219,47,0,DEF,0
2442,47,1220,47,0,FWD,0
2443,47,1221,47,0,FWD,24
2444,47,1222,47,1,DEF,87
2445,48,1223,48,0,GK,0
2446,48,1224,48,1,DEF,90
2447,48,1225,48,1,DEF,90
2448,48,1226,48,0,DEF,0
2449,48,1227,48,0,DEF,0
2450,48,1228,48,1,MID,90
2451,48,1229,48,1,MID,90
2452,48,1230,48,0,MID,0
2453,48,1231,48,0,FWD,1
2454,48,1232,48,0,MID,0
2455,48,1233,48,1,MID,90
2456,48,1234,48,0,GK,0
2457,48,1235,48,1,DEF,77
2458,48,1236,48,1,DEF,90
2459,48,1237,48,0,DEF,1
2460,48,1238,48,1,DEF,90
2461,48,1239,48,1,FWD,83
2462,48,1240,48,0,FWD,13
2463,48,1241,48,0,MID,0
2464,48,1242,48,0,MID,0
2465,48,1243,48,0,MID,0
2466,48,1244,48,1,GK,90
2467,48,1245,48,1,DEF,90
2468,48,1246,48,0,FWD,7
2469,48,1247,48,0,DEF,0
2470,48,1248,48,0,DEF,0
2471,48,1171,46,1,GK,90
2472,48,1172,46,1,DEF,90
2473,48,1173,46,1,DEF,90
2474,48,1174,46,1,DEF,46
2475,48,1175,46,0,DEF,0
2476,48,1176,46,1,DEF,90
2477,48,1177,46,0,MID,0
2478,48,1178,46,1,MID,72
2479,48,1179,46,0,FWD,44
2480,48,1180,46,1,MID,81
2481,48,1181,46,0,FWD,44
2482,48,1182,46,0,GK,0
2483,48,1183,46,0,MID,0
2484,48,1184,46,1,FWD,90
2485,48,1185,46,0,MID,9
2486,48,1186,46,1,MID,90
2487,48,1187,46,0,MID,18
2488,48,1188,46,0,DEF,0
2489,48,1189,46,0,MID,0
2490,48,1190,46,0,FWD,0
2491,48,1191,46,0,MID,18
2492,48,1192,46,0,DEF,0
2493,48,1193,46,0,GK,0
2494,48,1194,46,1,FWD,72
2495,48,1195,46,0,DEF,0
2496,48,1196,46,1,FWD,46
2497,49,79,4,1,GK,90
2498,49,80,4,0,DEF,0
2499,49,81,4,1,DEF,64
2500,49,82,4,1,DEF,90
2501,49,83,4,1,DEF,90
2502,49,84,4,0,DEF,0
2503,49,85,4,1,DEF,90
2504,49,86,4,0,MID,0
2505,49,87,4,1,FWD,64
2506,49,88,4,0,FWD,26
2507,49,89,4,0,FWD,0
2508,49,90,4,1,MID,87
2509,49,91,4,0,FWD,0
2510,49,92,4,0,DEF,0
2511,49,93,4,1,FWD,90
2512,49,94,4,0,GK,0
2513,49,95,4,0,MID,34
2514,49,96,4,1,MID,90
2515,49,97,4,0,FWD,3
2516,49,98,4,0,DEF,0
2517,49,99,4,1,DEF,90
2518,49,100,4,0,MID,23
2519,49,101,4,0,GK,0
2520,49,102,4,0,MID,3
2521,49,103,4,0,MID,0
2522,49,104,4,1,FWD,56
2523,49,1,1,1,GK,78
2524,49,2,1,1,DEF,90
2525,49,3,1,1,DEF,90
2526,49,4,1,1,DEF,90
2527,49,5,1,0,DEF,0
2528,49,6,1,0,MID,0
2529,49,7,1,1,MID,63
2530,49,8,1,0,MID,18
2531,49,9,1,0,FWD,0
2532,49,10,1,0,FWD,0
2533,49,11,1,0,FWD,27
2534,49,12,1,0,GK,0
2535,49,13,1,0,GK,12
2536,49,14,1,0,FWD,0
2537,49,15,1,1,DEF,90
2538,49,16,1,1,FWD,90
2539,49,17,1,0,MID,0
2540,49,18,1,0,MID,27
2541,49,19,1,1,MID,72
2542,49,20,1,1,DEF,78
2543,49,21,1,0,FWD,0
2544,49,22,1,1,FWD,63
2545,49,23,1,0,DEF,12
2546,49,24,1,0,MID,0
2547,49,25,1,1,FWD,90
2548,49,26,1,0,MID,0
2549,50,27,2,1,GK,90
2550,50,28,2,0,DEF,0
2551,50,29,2,0,DEF,0
2552,50,30,2,0,MID,0
2553,50,31,2,1,MID,90
2554,50,32,2,1,DEF,90
2555,50,33,2,1,FWD,62
2556,50,34,2,0,FWD,28
2557,50,35,2,0,FWD,0
2558,50,36,2,1,FWD,80
2559,50,37,2,0,MID,0
2560,50,38,2,1,FWD,75
2561,50,39,2,1,MID,90
2562,50,40,2,1,DEF,90
2563,50,41,2,0,FWD,15
2564,50,42,2,0,GK,0
2565,50,43,2,1,FWD,90
2566,50,44,2,0,DEF,0
2567,50,45,2,0,DEF,0
2568,50,46,2,1,DEF,90
2569,50,47,2,1,DEF,90
2570,50,48,2,0,GK,0
2571,50,49,2,0,MID,10
2572,50,50,2,0,DEF,0
2573,50,51,2,0,FWD,0
2574,50,52,2,0,DEF,0
2575,50,53,3,1,GK,90
2576,50,54,3,1,DEF,90
2577,50,55,3,1,MID,90
2578,50,56,3,1,DEF,65
2579,50,57,3,0,DEF,0
2580,50,58,3,1,MID,90
2581,50,59,3,0,FWD,44
2582,50,60,3,1,MID,46
2583,50,61,3,0,FWD,16
2584,50,62,3,0,MID,0
2585,50,63,3,1,MID,46
2586,50,64,3,0,GK,0
2587,50,65,3,1,DEF,46
2588,50,66,3,0,DEF,0
2589,50,67,3,0,DEF,0
2590,50,68,3,0,DEF,25
2591,50,69,3,0,MID,0
2592,50,70,3,1,FWD,74
2593,50,71,3,1,MID,90
2594,50,72,3,0,MID,0
2595,50,73,3,0,GK,0
2596,50,74,3,1,DEF,90
2597,50,75,3,0,DEF,44
2598,50,76,3,0,MID,44
2599,50,77,3,0,MID,0
2600,50,78,3,0,MID,0
2601,51,183,8,1,GK,90
2602,51,184,8,0,DEF,0
2603,51,185,8,0,DEF,16
2604,51,186,8,1,DEF,90
2605,51,187,8,1,DEF,90
2606,51,188,8,0,MID,0
2607,51,189,8,1,FWD,85
2608,51,190,8,1,MID,90
2609,51,191,8,1,MID,85
2610,51,192,8,1,MID,90
2611,51,193,8,0,FWD,10
2612,51,194,8,0,GK,0
2613,51,195,8,1,DEF,90
2614,51,196,8,0,MID,0
2615,51,197,8,1,MID,74
2616,51,198,8,0,FWD,5
2617,51,199,8,1,FWD,80
2618,51,200,8,0,DEF,0
2619,51,201,8,0,FWD,0
2620,51,202,8,0,MID,16
2621,51,203,8,0,GK,0
2622,51,204,8,0,MID,0
2623,51,205,8,0,FWD,0
2624,51,206,8,0,DEF,0
2625,51,207,8,1,DEF,74
2626,51,208,8,0,FWD,5
2627,51,105,5,0,GK,0
2628,51,106,5,1,DEF,90
2629,51,107,5,0,DEF,0
2630,51,108,5,1,DEF,90
2631,51,109,5,0,DEF,0
2632,51,110,5,1,MID,58
2633,51,111,5,0,MID,32
2634,51,112,5,0,MID,0
2635,51,113,5,1,FWD,58
2636,51,114,5,1,FWD,90
2637,51,115,5,0,MID,32
2638,51,116,5,0,FWD,32
2639,51,117,5,1,DEF,90
2640,51,118,5,0,MID,7
2641,51,119,5,0,DEF,0
2642,51,120,5,1,GK,90
2643,51,121,5,1,FWD,74
2644,51,122,5,0,GK,0
2645,51,123,5,0,DEF,0
2646,51,124,5,1,FWD,58
2647,51,125,5,0,MID,0
2648,51,126,5,1,DEF,83
2649,51,127,5,0,DEF,0
2650,51,128,5,0,FWD,16
2651,51,129,5,1,MID,90
2652,51,130,5,0,FWD,0
2653,52,131,6,1,GK,90
2654,52,132,6,0,DEF,0
2655,52,133,6,0,DEF,27
2656,52,134,6,0,DEF,0
2657,52,135,6,1,DEF,90
2658,52,136,6,0,MID,44
2659,52,137,6,0,DEF,0
2660,52,138,6,0,MID,0
2661,52,139,6,0,FWD,0
2662,52,140,6,1,FWD,90
2663,52,141,6,1,FWD,63
2664,52,142,6,0,GK,0
2665,52,143,6,1,MID,90
2666,52,144,6,1,MID,46
2667,52,145,6,0,MID,44
2668,52,146,6,0,MID,0
2669,52,147,6,0,MID,8
2670,52,148,6,1,DEF,63
2671,52,149,6,1,FWD,82
2672,52,150,6,1,FWD,90
2673,52,151,6,1,DEF,90
2674,52,152,6,0,GK,0
2675,52,153,6,0,FWD,0
2676,52,154,6,1,DEF,46
2677,52,155,6,0,FWD,0
2678,52,156,6,0,MID,27
2679,52,157,7,1,GK,90
2680,52,158,7,1,DEF,90
2681,52,159,7,0,DEF,0
2682,52,160,7,1,DEF,90
2683,52,161,7,1,DEF,46
2684,52,162,7,0,MID,44
2685,52,163,7,0,FWD,11
2686,52,164,7,1,FWD,79
2687,52,165,7,0,FWD,0
2688,52,166,7,1,FWD,55
2689,52,167,7,1,FWD,90
2690,52,168,7,1,MID,72
2691,52,169,7,0,DEF,0
2692,52,170,7,0,DEF,0
2693,52,171,7,0,FWD,0
2694,52,172,7,1,DEF,90
2695,52,173,7,0,MID,35
2696,52,174,7,1,DEF,90
2697,52,175,7,0,FWD,18
2698,52,176,7,1,MID,79
2699,52,177,7,0,GK,0
2700,52,178,7,0,GK,0
2701,52,179,7,0,MID,0
2702,52,180,7,0,FWD,0
2703,52,181,7,0,DEF,0
2704,52,182,7,0,FWD,11
2705,53,287,12,1,GK,90
2706,53,288,12,0,DEF,0
2707,53,289,12,1,DEF,46
2708,53,290,12,1,MID,90
2709,53,291,12,0,DEF,0
2710,53,292,12,0,DEF,44
2711,53,293,12,1,MID,90
2712,53,294,12,0,MID,0
2713,53,295,12,0,FWD,0
2714,53,296,12,0,FWD,1
2715,53,297,12,0,MID,9
2716,53,298,12,0,GK,0
2717,53,299,12,1,DEF,90
2718,53,300,12,0,FWD,0
2719,53,301,12,0,DEF,0
2720,53,302,12,0,DEF,0
2721,53,303,12,1,FWD,81
2722,53,304,12,0,FWD,0
2723,53,305,12,1,MID,90
2724,53,306,12,1,FWD,90
2725,53,307,12,0,GK,0
2726,53,308,12,1,DEF,81
2727,53,309,12,1,MID,90
2728,53,310,12,0,DEF,9
2729,53,311,12,0,FWD,1
2730,53,312,12,1,DEF,90
2731,53,209,9,1,GK,90
2732,53,210,9,0,MID,0
2733,53,211,9,1,DEF,90
2734,53,212,9,1,DEF,90
2735,53,213,9,1,MID,66
2736,53,214,9,0,DEF,8
2737,53,215,9,1,FWD,90
2738,53,216,9,1,MID,90
2739,53,217,9,1,FWD,76
2740,53,218,9,0,FWD,14
2741,53,219,9,0,FWD,0
2742,53,220,9,0,GK,0
2743,53,221,9,1,DEF,90
2744,53,222,9,0,DEF,0
2745,53,223,9,0,DEF,0
2746,53,224,9,1,DEF,82
2747,53,225,9,0,MID,24
2748,53,226,9,0,MID,0
2749,53,227,9,0,FWD,8
2750,53,228,9,1,MID,66
2751,53,229,9,0,FWD,0
2752,53,230,9,0,FWD,24
2753,53,231,9,0,GK,0
2754,53,232,9,0,DEF,0
2755,53,233,9,0,FWD,0
2756,53,234,9,1,FWD,82
2757,54,235,10,1,GK,90
2758,54,236,10,1,DEF,90
2759,54,237,10,0,DEF,7
2760,54,238,10,1,MID,90
2761,54,239,10,0,DEF,0
2762,54,240,10,0,MID,0
2763,54,241,10,0,MID,0
2764,54,242,10,0,MID,20
2765,54,243,10,0,FWD,20
2766,54,244,10,1,FWD,70
2767,54,245,10,1,MID,70
2768,54,246,10,0,GK,0
2769,54,247,10,0,DEF,0
2770,54,248,10,0,DEF,0
2771,54,249,10,0,MID,7
2772,54,250,10,0,MID,20
2773,54,251,10,0,FWD,0
2774,54,252,10,1,DEF,90
2775,54,253,10,0,DEF,0
2776,54,254,10,1,FWD,70
2777,54,255,10,0,FWD,0
2778,54,256,10,0,GK,0
2779,54,257,10,1,MID,90
2780,54,258,10,1,MID,83
2781,54,259,10,1,DEF,90
2782,54,260,10,1,DEF,83
2783,54,261,11,1,GK,90
2784,54,262,11,0,DEF,10
2785,54,263,11,0,DEF,0
2786,54,264,11,1,DEF,90
2787,54,265,11,1,DEF,90
2788,54,266,11,0,MID,0
2789,54,267,11,0,FWD,0
2790,54,268,11,1,DEF,90
2791,54,269,11,0,FWD,23
2792,54,270,11,1,MID,90
2793,54,271,11,0,FWD,23
2794,54,272,11,0,GK,0
2795,54,273,11,0,DEF,0
2796,54,274,11,0,DEF,0
2797,54,275,11,1,FWD,67
2798,54,276,11,1,FWD,83
2799,54,277,11,1,MID,80
2800,54,278,11,1,FWD,67
2801,54,279,11,0,FWD,0
2802,54,280,11,0,FWD,7
2803,54,281,11,1,FWD,90
2804,54,282,11,1,DEF,80
2805,54,283,11,0,GK,0
2806,54,284,11,0,DEF,0
2807,54,285,11,0,MID,10
2808,54,286,11,0,MID,0
2809,55,391,16,0,GK,0
2810,55,392,16,1,DEF,84
2811,55,393,16,0,DEF,0
2812,55,394,16,0,DEF,6
2813,55,395,16,1,MID,90
2814,55,396,16,1,MID,88
2815,55,397,16,0,FWD,0
2816,55,398,16,1,FWD,90
2817,55,399,16,0,FWD,0
2818,55,400,16,0,MID,0
2819,55,401,16,1,FWD,84
2820,55,402,16,0,GK,0
2821,55,403,16,1,DEF,90
2822,55,404,16,1,DEF,90
2823,55,405,16,1,DEF,90
2824,55,406,16,0,MID,0
2825,55,407,16,0,FWD,1
2826,55,408,16,0,DEF,0
2827,55,409,16,0,FWD,0
2828,55,410,16,0,DEF,0
2829,55,411,16,1,FWD,90
2830,55,412,16,0,MID,2
2831,55,413,16,1,GK,90
2832,55,414,16,1,FWD,90
2833,55,415,16,0,DEF,0
2834,55,416,16,0,FWD,6
2835,55,313,13,1,GK,90
2836,55,314,13,0,DEF,14
2837,55,315,13,0,DEF,0
2838,55,316,13,0,MID,0
2839,55,317,13,0,DEF,0
2840,55,318,13,1,DEF,90
2841,55,319,13,1,MID,76
2842,55,320,13,1,MID,86
2843,55,321,13,1,FWD,90
2844,55,322,13,0,FWD,32
2845,55,323,13,1,FWD,76
2846,55,324,13,1,DEF,90
2847,55,325,13,0,DEF,0
2848,55,326,13,1,MID,90
2849,55,327,13,0,MID,0
2850,55,328,13,0,DEF,14
2851,55,329,13,0,MID,4
2852,55,330,13,0,DEF,0
2853,55,331,13,0,FWD,0
2854,55,332,13,0,FWD,0
2855,55,333,13,1,FWD,58
2856,55,334,13,1,DEF,90
2857,55,335,13,1,DEF,76
2858,55,336,13,0,GK,0
2859,55,337,13,0,GK,0
2860,55,338,13,0,FWD,14
2861,56,339,14,0,GK,0
2862,56,340,14,1,DEF,90
2863,56,341,14,1,DEF,84
2864,56,342,14,1,DEF,90
2865,56,343,14,0,DEF,0
2866,56,344,14,0,DEF,1
2867,56,345,14,0,MID,0
2868,56,346,14,1,MID,90
2869,56,347,14,0,FWD,0
2870,56,348,14,0,MID,0
2871,56,349,14,0,MID,44
2872,56,350,14,1,GK,90
2873,56,351,14,0,DEF,6
2874,56,352,14,1,MID,90
2875,56,353,14,1,DEF,90
2876,56,354,14,0,MID,1
2877,56,355,14,0,FWD,0
2878,56,356,14,0,FWD,23
2879,56,357,14,1,FWD,90
2880,56,358,14,0,MID,0
2881,56,359,14,1,FWD,67
2882,56,360,14,0,GK,0
2883,56,361,14,1,MID,90
2884,56,362,14,0,MID,0
2885,56,363,14,0,FWD,0
2886,56,364,14,1,DEF,46
2887,56,365,15,0,GK,0
2888,56,366,15,0,DEF,0
2889,56,367,15,1,DEF,90
2890,56,368,15,0,DEF,0
2891,56,369,15,1,DEF,90
2892,56,370,15,0,DEF,0
2893,56,371,15,0,FWD,0
2894,56,372,15,1,MID,90
2895,56,373,15,0,FWD,0
2896,56,374,15,0,FWD,32
2897,56,375,15,0,FWD,0
2898,56,376,15,0,GK,0
2899,56,377,15,1,MID,90
2900,56,378,15,0,MID,0
2901,56,379,15,0,DEF,0
2902,56,380,15,1,DEF,90
2903,56,381,15,1,FWD,84
2904,56,382,15,1,GK,90
2905,56,383,15,1,DEF,90
2906,56,384,15,1,FWD,58
2907,56,385,15,0,DEF,0
2908,56,386,15,1,MID,84
2909,56,387,15,0,FWD,0
2910,56,388,15,0,MID,6
2911,56,389,15,1,DEF,90
2912,56,390,15,0,FWD,6
2913,57,495,20,1,GK,90
2914,57,496,20,0,DEF,5
2915,57,497,20,1,DEF,71
2916,57,498,20,1,DEF,90
2917,57,499,20,0,MID,0
2918,57,500,20,1,DEF,90
2919,57,501,20,0,DEF,19
2920,57,502,20,0,MID,0
2921,57,503,20,1,FWD,85
2922,57,504,20,0,MID,0
2923,57,505,20,0,FWD,26
2924,57,506,20,0,GK,0
2925,57,507,20,1,FWD,64
2926,57,508,20,0,MID,0
2927,57,509,20,1,MID,90
2928,57,510,20,0,FWD,5
2929,57,511,20,0,DEF,26
2930,57,512,20,0,MID,0
2931,57,513,20,1,FWD,90
2932,57,514,20,1,FWD,85
2933,57,515,20,1,MID,64
2934,57,516,20,0,GK,0
2935,57,517,20,1,MID,90
2936,57,518,20,0,FWD,0
2937,57,519,20,0,DEF,0
2938,57,520,20,0,DEF,0
2939,57,417,17,1,GK,90
2940,57,418,17,1,DEF,90
2941,57,419,17,0,DEF,0
2942,57,420,17,1,DEF,90
2943,57,421,17,1,MID,46
2944,57,422,17,1,DEF,60
2945,57,423,17,1,FWD,60
2946,57,424,17,0,MID,0
2947,57,425,17,0,MID,0
2948,57,426,17,1,MID,90
2949,57,427,17,0,FWD,0
2950,57,428,17,0,GK,0
2951,57,429,17,0,MID,17
2952,57,430,17,0,FWD,26
2953,57,431,17,0,DEF,0
2954,57,432,17,0,MID,44
2955,57,433,17,1,MID,73
2956,57,434,17,0,DEF,0
2957,57,435,17,1,MID,90
2958,57,436,17,0,MID,0
2959,57,437,17,0,GK,0
2960,57,438,17,1,DEF,90
2961,57,439,17,1,MID,64
2962,57,440,17,0,DEF,30
2963,57,441,17,0,MID,0
2964,57,442,17,0,FWD,30
2965,58,443,18,1,GK,90
2966,58,444,18,0,DEF,1
2967,58,445,18,1,DEF,77
2968,58,446,18,0,DEF,0
2969,58,447,18,1,DEF,90
2970,58,448,18,0,MID,0
2971,58,449,18,1,MID,90
2972,58,450,18,1,MID,61
2973,58,451,18,1,FWD,90
2974,58,452,18,1,MID,90
2975,58,453,18,0,FWD,29
2976,58,454,18,0,FWD,0
2977,58,455,18,0,FWD,13
2978,58,456,18,0,FWD,0
2979,58,457,18,0,MID,0
2980,58,458,18,0,FWD,0
2981,58,459,18,0,FWD,1
2982,58,460,18,1,DEF,90
2983,58,461,18,0,FWD,13
2984,58,462,18,1,DEF,90
2985,58,463,18,1,MID,90
2986,58,464,18,0,MID,0
2987,58,465,18,0,DEF,0
2988,58,466,18,1,DEF,77
2989,58,467,18,0,GK,0
2990,58,468,18,0,GK,0
2991,58,469,19,1,GK,90
2992,58,470,19,1,DEF,90
2993,58,471,19,0,DEF,0
2994,58,472,19,0,MID,13
2995,58,473,19,0,DEF,0
2996,58,474,19,0,MID,0
2997,58,475,19,1,DEF,90
2998,58,476,19,1,MID,77
2999,58,477,19,1,FWD,67
3000,58,478,19,0,FWD,0
3001,58,479,19,1,FWD,67
3002,58,480,19,0,FWD,23
3003,58,481,19,1,DEF,90
3004,58,482,19,0,FWD,23
3005,58,483,19,1,FWD,46
3006,58,484,19,0,GK,0
3007,58,485,19,1,DEF,90
3008,58,486,19,1,MID,90
3009,58,487,19,1,FWD,67
3010,58,488,19,0,DEF,0
3011,58,489,19,0,DEF,0
3012,58,490,19,0,FWD,0
3013,58,491,19,0,GK,0
3014,58,492,19,0,FWD,23
3015,58,493,19,0,MID,0
3016,58,494,19,0,MID,44
3017,59,599,24,0,GK,0
3018,59,600,24,1,DEF,90
3019,59,601,24,1,DEF,90
3020,59,602,24,0,DEF,0
3021,59,603,24,0,DEF,0
3022,59,604,24,0,DEF,0
3023,59,605,24,0,FWD,23
3024,59,606,24,0,FWD,0
3025,59,607,24,1,FWD,90
3026,59,608,24,1,MID,90
3027,59,609,24,1,MID,75
3028,59,610,24,0,DEF,23
3029,59,611,24,1,MID,67
3030,59,612,24,0,MID,0
3031,59,613,24,0,MID,23
3032,59,614,24,1,GK,90
3033,59,615,24,1,MID,90
3034,59,616,24,0,FWD,0
3035,59,617,24,0,FWD,15
3036,59,618,24,1,DEF,90
3037,59,619,24,1,DEF,67
3038,59,620,24,0,GK,0
3039,59,621,24,0,DEF,0
3040,59,622,24,0,DEF,0
3041,59,623,24,1,MID,67
3042,59,624,24,0,MID,1
3043,59,521,21,1,GK,90
3044,59,522,21,0,DEF,0
3045,59,523,21,0,MID,0
3046,59,524,21,1,DEF,90
3047,59,525,21,1,DEF,90
3048,59,526,21,1,DEF,90
3049,59,527,21,0,MID,18
3050,59,528,21,1,MID,90
3051,59,529,21,0,FWD,0
3052,59,530,21,0,FWD,13
3053,59,531,21,1,FWD,84
3054,59,532,21,0,DEF,0
3055,59,533,21,0,GK,0
3056,59,534,21,1,MID,72
3057,59,535,21,0,DEF,0
3058,59,536,21,0,MID,0
3059,59,537,21,0,FWD,6
3060,59,538,21,1,FWD,72
3061,59,539,21,1,FWD,77
3062,59,540,21,0,MID,18
3063,59,541,21,1,MID,72
3064,59,542,21,1,DEF,90
3065,59,543,21,0,GK,0
3066,59,544,21,0,FWD,18
3067,59,545,21,0,DEF,0
3068,59,546,21,0,MID,0
3069,60,547,22,1,GK,90
3070,60,548,22,1,DEF,90
3071,60,549,22,0,DEF,51
3072,60,550,22,1,DEF,39
3073,60,551,22,0,DEF,15
3074,60,552,22,0,FWD,0
3075,60,553,22,1,MID,90
3076,60,554,22,0,MID,0
3077,60,555,22,0,FWD,0
3078,60,556,22,1,MID,66
3079,60,557,22,1,MID,90
3080,60,558,22,0,GK,0
3081,60,559,22,1,MID,75
3082,60,560,22,0,MID,24
3083,60,561,22,1,MID,90
3084,60,562,22,0,DEF,15
3085,60,563,22,0,MID,0
3086,60,564,22,1,FWD,66
3087,60,565,22,0,FWD,24
3088,60,566,22,1,DEF,75
3089,60,567,22,1,DEF,90
3090,60,568,22,0,DEF,0
3091,60,569,22,0,GK,0
3092,60,570,22,0,MID,0
3093,60,571,22,0,DEF,0
3094,60,572,22,0,FWD,0
3095,60,573,23,1,GK,90
3096,60,574,23,1,DEF,90
3097,60,575,23,1,DEF,87
3098,60,576,23,1,DEF,37
3099,60,577,23,1,DEF,87
3100,60,578,23,0,DEF,0
3101,60,579,23,0,MID,53
3102,60,580,23,0,DEF,15
3103,60,581,23,1,FWD,90
3104,60,582,23,0,MID,3
3105,60,583,23,1,FWD,90
3106,60,584,23,0,GK,0
3107,60,585,23,0,MID,15
3108,60,586,23,0,DEF,0
3109,60,587,23,0,DEF,3
3110,60,588,23,0,MID,0
3111,60,589,23,1,FWD,90
3112,60,590,23,1,MID,90
3113,60,591,23,0,MID,0
3114,60,592,23,0,DEF,0
3115,60,593,23,1,DEF,75
3116,60,594,23,0,MID,0
3117,60,595,23,0,GK,0
3118,60,596,23,1,DEF,75
3119,60,597,23,0,FWD,0
3120,60,598,23,0,FWD,0
3121,61,703,28,1,GK,90
3122,61,704,28,1,DEF,64
3123,61,705,28,0,DEF,11
3124,61,706,28,1,DEF,90
3125,61,707,28,0,DEF,26
3126,61,708,28,1,MID,64
3127,61,709,28,0,FWD,0
3128,61,710,28,1,MID,90
3129,61,711,28,1,FWD,90
3130,61,712,28,1,MID,46
3131,61,713,28,1,MID,90
3132,61,714,28,0,GK,0
3133,61,715,28,1,DEF,79
3134,61,716,28,0,MID,0
3135,61,717,28,0,DEF,0
3136,61,718,28,1,DEF,90
3137,61,719,28,0,FWD,0
3138,61,720,28,0,FWD,0
3139,61,721,28,0,MID,44
3140,61,722,28,0,MID,26
3141,61,723,28,0,FWD,44
3142,61,724,28,0,GK,0
3143,61,725,28,1,MID,46
3144,61,726,28,0,DEF,0
3145,61,727,28,0,MID,0
3146,61,728,28,0,DEF,0
3147,61,625,25,1,GK,90
3148,61,626,25,0,DEF,0
3149,61,627,25,1,DEF,90
3150,61,628,25,1,DEF,90
3151,61,629,25,1,DEF,90
3152,61,630,25,0,MID,0
3153,61,631,25,1,MID,72
3154,61,632,25,1,MID,85
3155,61,633,25,0,FWD,5
3156,61,634,25,1,FWD,72
3157,61,635,25,1,FWD,56
3158,61,636,25,0,GK,0
3159,61,637,25,0,GK,0
3160,61,638,25,0,FWD,0
3161,61,639,25,0,DEF,0
3162,61,640,25,0,DEF,0
3163,61,641,25,1,FWD,85
3164,61,642,25,0,DEF,0
3165,61,643,25,0,MID,0
3166,61,644,25,1,MID,90
3167,61,645,25,1,DEF,90
3168,61,646,25,0,MID,18
3169,61,647,25,0,MID,5
3170,61,648,25,0,MID,18
3171,61,649,25,0,DEF,0
3172,61,650,25,0,FWD,34
3173,62,651,26,0,GK,0
3174,62,652,26,0,DEF,76
3175,62,653,26,1,DEF,90
3176,62,654,26,0,DEF,0
3177,62,655,26,1,DEF,90
3178,62,656,26,1,DEF,14
3179,62,657,26,1,FWD,90
3180,62,658,26,1,MID,46
3181,62,659,26,0,FWD,14
3182,62,660,26,1,FWD,57
3183,62,661,26,1,MID,76
3184,62,662,26,0,FWD,0
3185,62,663,26,1,DEF,90
3186,62,664,26,0,MID,0
3187,62,665,26,0,DEF,0
3188,62,666,26,0,GK,0
3189,62,667,26,1,MID,90
3190,62,668,26,0,MID,0
3191,62,669,26,0,MID,44
3192,62,670,26,0,FWD,0
3193,62,671,26,1,MID,46
3194,62,672,26,0,FWD,44
3195,62,673,26,1,GK,90
3196,62,674,26,0,DEF,0
3197,62,675,26,0,FWD,33
3198,62,676,26,0,GK,0
3199,62,677,27,1,GK,90
3200,62,678,27,0,DEF,44
3201,62,679,27,0,DEF,0
3202,62,680,27,1,DEF,90
3203,62,681,27,1,DEF,90
3204,62,682,27,1,MID,90
3205,62,683,27,0,MID,1
3206,62,684,27,1,MID,90
3207,62,685,27,1,FWD,90
3208,62,686,27,0,FWD,0
3209,62,687,27,0,FWD,0
3210,62,688,27,0,GK,0
3211,62,689,27,1,DEF,46
3212,62,690,27,1,MID,67
3213,62,691,27,0,MID,0
3214,62,692,27,0,MID,0
3215,62,693,27,0,DEF,0
3216,62,694,27,0,FWD,0
3217,62,695,27,1,DEF,90
3218,62,696,27,0,FWD,23
3219,62,697,27,1,MID,90
3220,62,698,27,0,GK,0
3221,62,699,27,1,DEF,90
3222,62,700,27,0,FWD,0
3223,62,701,27,0,DEF,0
3224,62,702,27,0,MID,0
3225,63,807,32,0,GK,44
3226,63,808,32,0,DEF,0
3227,63,809,32,1,DEF,90
3228,63,810,32,0,DEF,0
3229,63,811,32,1,MID,45
3230,63,812,32,1,MID,90
3231,63,813,32,0,MID,45
3232,63,814,32,1,MID,56
3233,63,815,32,1,FWD,90
3234,63,816,32,0,MID,0
3235,63,817,32,0,FWD,0
3236,63,818,32,0,GK,0
3237,63,819,32,1,DEF,90
3238,63,820,32,1,MID,90
3239,63,821,32,0,MID,0
3240,63,822,32,1,DEF,90
3241,63,823,32,0,DEF,0
3242,63,824,32,0,FWD,20
3243,63,825,32,0,FWD,0
3244,63,826,32,1,MID,90
3245,63,827,32,0,FWD,34
3246,63,828,32,0,MID,0
3247,63,829,32,1,GK,46
3248,63,830,32,0,DEF,0
3249,63,831,32,1,MID,70
3250,63,832,32,0,MID,0
3251,63,729,29,0,GK,0
3252,63,730,29,0,DEF,0
3253,63,731,29,0,DEF,0
3254,63,732,29,0,DEF,0
3255,63,733,29,1,DEF,90
3256,63,734,29,1,MID,60
3257,63,735,29,0,FWD,14
3258,63,736,29,0,MID,30
3259,63,737,29,0,MID,0
3260,63,738,29,0,FWD,30
3261,63,739,29,0,FWD,24
3262,63,740,29,0,DEF,0
3263,63,741,29,0,GK,0
3264,63,742,29,1,DEF,90
3265,63,743,29,1,MID,66
3266,63,744,29,1,MID,90
3267,63,745,29,0,FWD,14
3268,63,746,29,0,MID,0
3269,63,747,29,1,FWD,76
3270,63,748,29,1,MID,60
3271,63,749,29,1,FWD,76
3272,63,750,29,1,DEF,90
3273,63,751,29,1,GK,90
3274,63,752,29,1,DEF,90
3275,63,753,29,0,FWD,0
3276,63,754,29,0,FWD,0
3277,64,755,30,1,GK,90
3278,64,756,30,0,DEF,0
3279,64,757,30,1,DEF,90
3280,64,758,30,1,DEF,90
3281,64,759,30,0,DEF,0
3282,64,760,30,1,MID,90
3283,64,761,30,0,MID,0
3284,64,762,30,1,MID,90
3285,64,763,30,0,FWD,0
3286,64,764,30,1,MID,71
3287,64,765,30,0,MID,19
3288,64,766,30,0,GK,0
3289,64,767,30,0,DEF,0
3290,64,768,30,1,MID,90
3291,64,769,30,0,MID,19
3292,64,770,30,0,MID,0
3293,64,771,30,1,MID,61
3294,64,772,30,0,MID,0
3295,64,773,30,1,FWD,61
3296,64,774,30,1,FWD,71
3297,64,775,30,0,MID,29
3298,64,776,30,0,DEF,1
3299,64,777,30,0,GK,0
3300,64,778,30,1,DEF,90
3301,64,779,30,0,DEF,0
3302,64,780,30,0,MID,29
3303,64,781,31,0,GK,0
3304,64,782,31,0,DEF,0
3305,64,783,31,0,DEF,57
3306,64,784,31,1,DEF,90
3307,64,785,31,1,DEF,33
3308,64,786,31,1,MID,90
3309,64,787,31,0,MID,44
3310,64,788,31,0,FWD,0
3311,64,789,31,1,FWD,90
3312,64,790,31,1,FWD,65
3313,64,791,31,0,FWD,0
3314,64,792,31,1,DEF,90
3315,64,793,31,1,DEF,82
3316,64,794,31,0,DEF,0
3317,64,795,31,1,MID,46
3318,64,796,31,0,MID,0
3319,64,797,31,0,FWD,0
3320,64,798,31,0,MID,0
3321,64,799,31,0,FWD,25
3322,64,800,31,1,FWD,65
3323,64,801,31,1,GK,90
3324,64,802,31,0,GK,0
3325,64,803,31,1,MID,90
3326,64,804,31,0,DEF,8
3327,64,805,31,0,DEF,0
3328,64,806,31,0,DEF,25
3329,65,911,36,0,GK,0
3330,65,912,36,0,MID,44
3331,65,913,36,0,DEF,0
3332,65,914,36,1,DEF,90
3333,65,915,36,0,DEF,0
3334,65,916,36,1,MID,90
3335,65,917,36,0,FWD,0
3336,65,918,36,0,MID,0
3337,65,919,36,0,FWD,0
3338,65,920,36,0,MID,0
3339,65,921,36,1,FWD,90
3340,65,922,36,0,GK,0
3341,65,923,36,1,GK,90
3342,65,924,36,1,MID,90
3343,65,925,36,1,DEF,46
3344,65,926,36,0,DEF,44
3345,65,927,36,0,DEF,0
3346,65,928,36,1,MID,46
3347,65,929,36,1,MID,90
3348,65,930,36,0,FWD,7
3349,65,931,36,1,MID,83
3350,65,932,36,1,MID,83
3351,65,933,36,0,MID,7
3352,65,934,36,0,DEF,24
3353,65,935,36,1,DEF,66
3354,65,936,36,0,FWD,0
3355,65,833,33,0,GK,0
3356,65,834,33,0,DEF,4
3357,65,835,33,0,DEF,0
3358,65,836,33,1,DEF,76
3359,65,837,33,1,DEF,86
3360,65,838,33,1,MID,90
3361,65,839,33,1,FWD,65
3362,65,840,33,1,MID,90
3363,65,841,33,0,FWD,0
3364,65,842,33,1,FWD,86
3365,65,843,33,1,FWD,65
3366,65,844,33,0,FWD,25
3367,65,845,33,0,MID,0
3368,65,846,33,0,MID,0
3369,65,847,33,0,DEF,14
3370,65,848,33,1,GK,90
3371,65,849,33,0,DEF,0
3372,65,850,33,0,MID,0
3373,65,851,33,1,DEF,90
3374,65,852,33,1,FWD,90
3375,65,853,33,0,DEF,0
3376,65,854,33,0,FWD,4
3377,65,855,33,0,GK,0
3378,65,856,33,0,MID,25
3379,65,857,33,0,MID,0
3380,65,858,33,1,DEF,90
3381,66,859,34,0,GK,0
3382,66,860,34,0,DEF,0
3383,66,861,34,0,DEF,0
3384,66,862,34,1,DEF,58
3385,66,863,34,1,MID,90
3386,66,864,34,0,MID,32
3387,66,865,34,0,FWD,9
3388,66,866,34,1,MID,56
3389,66,867,34,0,FWD,0
3390,66,868,34,1,FWD,90
3391,66,869,34,0,FWD,34
3392,66,870,34,0,FWD,0
3393,66,871,34,0,FWD,34
3394,66,872,34,1,DEF,90
3395,66,873,34,1,DEF,90
3396,66,874,34,0,GK,0
3397,66,875,34,0,MID,0
3398,66,876,34,1,FWD,81
3399,66,877,34,1,DEF,90
3400,66,878,34,1,FWD,56
3401,66,879,34,1,MID,56
3402,66,880,34,0,MID,0
3403,66,881,34,1,GK,90
3404,66,882,34,0,DEF,0
3405,66,883,34,0,DEF,0
3406,66,884,34,0,MID,34
3407,66,885,35,0,GK,0
3408,66,886,35,1,DEF,90
3409,66,887,35,0,DEF,0
3410,66,888,35,0,DEF,0
3411,66,889,35,1,DEF,90
3412,66,890,35,0,DEF,74
3413,66,891,35,0,MID,0
3414,66,892,35,1,MID,90
3415,66,893,35,1,FWD,57
3416,66,894,35,0,FWD,0
3417,66,895,35,1,FWD,16
3418,66,896,35,0,GK,44
3419,66,897,35,0,FWD,33
3420,66,898,35,1,MID,67
3421,66,899,35,0,DEF,33
3422,66,900,35,1,MID,90
3423,66,901,35,1,FWD,57
3424,66,902,35,0,FWD,0
3425,66,903,35,0,MID,23
3426,66,904,35,0,MID,0
3427,66,905,35,0,FWD,0
3428,66,906,35,1,GK,46
3429,66,907,35,1,DEF,90
3430,66,908,35,0,MID,0
3431,66,909,35,0,DEF,0
3432,66,910,35,1,DEF,90
3433,67,1015,40,1,GK,90
3434,67,1016,40,0,DEF,0
3435,67,1017,40,1,DEF,90
3436,67,1018,40,1,DEF,90
3437,67,1019,40,1,DEF,90
3438,67,1020,40,0,MID,14
3439,67,1021,40,0,FWD,1
3440,67,1022,40,1,MID,90
3441,67,1023,40,1,FWD,90
3442,67,1024,40,0,FWD,44
3443,67,1025,40,0,FWD,0
3444,67,1026,40,0,GK,0
3445,67,1027,40,0,FWD,44
3446,67,1028,40,0,MID,0
3447,67,1029,40,0,MID,0
3448,67,1030,40,0,DEF,0
3449,67,1031,40,0,DEF,1
3450,67,1032,40,0,MID,0
3451,67,1033,40,0,DEF,0
3452,67,1034,40,1,MID,90
3453,67,1035,40,1,MID,76
3454,67,1036,40,1,GK,46
3455,67,1037,40,1,DEF,90
3456,67,1038,40,1,FWD,46
3457,67,1039,40,0,MID,0
3458,67,1040,40,0,DEF,0
3459,67,937,37,0,GK,0
3460,67,938,37,1,DEF,90
3461,67,939,37,1,DEF,90
3462,67,940,37,0,DEF,0
3463,67,941,37,1,MID,90
3464,67,942,37,0,DEF,0
3465,67,943,37,0,MID,0
3466,67,944,37,0,MID,19
3467,67,945,37,1,FWD,82
3468,67,946,37,0,FWD,30
3469,67,947,37,1,MID,60
3470,67,948,37,0,GK,0
3471,67,949,37,0,DEF,0
3472,67,950,37,1,MID,90
3473,67,951,37,0,MID,0
3474,67,952,37,0,FWD,30
3475,67,953,37,1,FWD,71
3476,67,954,37,1,FWD,60
3477,67,955,37,1,DEF,90
3478,67,956,37,0,MID,30
3479,67,957,37,0,FWD,8
3480,67,958,37,1,FWD,60
3481,67,959,37,1,GK,90
3482,67,960,37,0,MID,0
3483,67,961,37,0,DEF,0
3484,67,962,37,0,DEF,0
3485,68,963,38,0,GK,0
3486,68,964,38,1,DEF,90
3487,68,965,38,0,DEF,0
3488,68,966,38,0,DEF,0
3489,68,967,38,0,DEF,19
3490,68,968,38,0,MID,0
3491,68,969,38,1,FWD,90
3492,68,970,38,1,MID,90
3493,68,971,38,1,FWD,71
3494,68,972,38,1,MID,90
3495,68,973,38,0,FWD,0
3496,68,974,38,0,FWD,0
3497,68,975,38,1,DEF,71
3498,68,976,38,0,MID,0
3499,68,977,38,0,DEF,19
3500,68,978,38,1,GK,90
3501,68,979,38,1,DEF,71
3502,68,980,38,0,FWD,0
3503,68,981,38,1,MID,90
3504,68,982,38,0,FWD,0
3505,68,983,38,1,DEF,90
3506,68,984,38,1,MID,90
3507,68,985,38,0,GK,0
3508,68,986,38,0,MID,0
3509,68,987,38,0,FWD,1
3510,68,988,38,0,DEF,19
3511,68,989,39,1,GK,90
3512,68,990,39,0,DEF,0
3513,68,991,39,0,DEF,28
3514,68,992,39,1,MID,46
3515,68,993,39,1,DEF,90
3516,68,994,39,1,MID,90
3517,68,995,39,1,FWD,46
3518,68,996,39,1,DEF,62
3519,68,997,39,1,MID,90
3520,68,998,39,0,MID,44
3521,68,999,39,0,FWD,44
3522,68,1000,39,0,GK,0
3523,68,1001,39,0,GK,0
3524,68,1002,39,0,FWD,1
3525,68,1003,39,1,DEF,90
3526,68,1004,39,1,DEF,90
3527,68,1005,39,0,MID,0
3528,68,1006,39,1,MID,46
3529,68,1007,39,0,MID,0
3530,68,1008,39,1,MID,90
3531,68,1009,39,0,FWD,0
3532,68,1010,39,0,MID,0
3533,68,1011,39,0,DEF,0
3534,68,1012,39,0,MID,44
3535,68,1013,39,0,DEF,0
3536,68,1014,39,0,MID,0
3537,69,1119,44,0,GK,0
3538,69,1120,44,0,DEF,3
3539,69,1121,44,1,DEF,90
3540,69,1122,44,1,DEF,87
3541,69,1123,44,0,MID,14
3542,69,1124,44,0,MID,30
3543,69,1125,44,1,FWD,90
3544,69,1126,44,0,MID,0
3545,69,1127,44,1,FWD,60
3546,69,1128,44,1,MID,76
3547,69,1129,44,1,MID,76
3548,69,1130,44,1,GK,90
3549,69,1131,44,0,DEF,0
3550,69,1132,44,1,DEF,90
3551,69,1133,44,0,MID,0
3552,69,1134,44,1,MID,60
3553,69,1135,44,0,DEF,0
3554,69,1136,44,0,DEF,0
3555,69,1137,44,0,FWD,0
3556,69,1138,44,0,MID,14
3557,69,1139,44,0,FWD,0
3558,69,1140,44,1,DEF,90
3559,69,1141,44,1,DEF,90
3560,69,1142,44,0,GK,0
3561,69,1143,44,0,FWD,30
3562,69,1144,44,0,FWD,0
3563,69,1041,41,1,GK,90
3564,69,1042,41,0,DEF,0
3565,69,1043,41,1,DEF,90
3566,69,1044,41,0,DEF,0
3567,69,1045,41,0,DEF,44
3568,69,1046,41,0,MID,1
3569,69,1047,41,1,FWD,90
3570,69,1048,41,1,MID,90
3571,69,1049,41,0,FWD,0
3572,69,1050,41,0,MID,0
3573,69,1051,41,1,FWD,70
3574,69,1052,41,0,GK,0
3575,69,1053,41,1,DEF,90
3576,69,1054,41,0,DEF,0
3577,69,1055,41,0,MID,44
3578,69,1056,41,0,FWD,0
3579,69,1057,41,0,FWD,20
3580,69,1058,41,1,FWD,90
3581,69,1059,41,0,FWD,0
3582,69,1060,41,1,DEF,46
3583,69,1061,41,1,MID,46
3584,69,1062,41,0,GK,0
3585,69,1063,41,1,MID,70
3586,69,1064,41,0,DEF,20
3587,69,1065,41,1,DEF,90
3588,69,1066,41,0,FWD,0
3589,70,1067,42,1,GK,90
3590,70,1068,42,1,DEF,90
3591,70,1069,42,0,DEF,0
3592,70,1070,42,1,DEF,90
3593,70,1071,42,0,DEF,0
3594,70,1072,42,0,MID,18
3595,70,1073,42,1,MID,72
3596,70,1074,42,1,MID,72
3597,70,1075,42,1,FWD,72
3598,70,1076,42,0,MID,18
3599,70,1077,42,0,FWD,0
3600,70,1078,42,0,DEF,7
3601,70,1079,42,0,FWD,18
3602,70,1080,42,1,MID,90
3603,70,1081,42,0,MID,0
3604,70,1082,42,0,GK,0
3605,70,1083,42,1,FWD,51
3606,70,1084,42,0,MID,0
3607,70,1085,42,0,FWD,39
3608,70,1086,42,1,FWD,90
3609,70,1087,42,0,GK,0
3610,70,1088,42,1,DEF,90
3611,70,1089,42,0,FWD,0
3612,70,1090,42,0,DEF,0
3613,70,1091,42,0,MID,0
3614,70,1092,42,1,DEF,83
3615,70,1093,43,0,GK,0
3616,70,1094,43,1,DEF,90
3617,70,1095,43,1,DEF,90
3618,70,1096,43,0,DEF,0
3619,70,1097,43,1,DEF,90
3620,70,1098,43,1,MID,82
3621,70,1099,43,1,MID,58
3622,70,1100,43,0,MID,8
3623,70,1101,43,0,MID,32
3624,70,1102,43,0,MID,0
3625,70,1103,43,0,MID,17
3626,70,1104,43,1,GK,90
3627,70,1105,43,1,DEF,90
3628,70,1106,43,1,FWD,90
3629,70,1107,43,0,DEF,0
3630,70,1108,43,0,GK,0
3631,70,1109,43,1,MID,58
3632,70,1110,43,0,DEF,0
3633,70,1111,43,0,MID,32
3634,70,1112,43,0,FWD,0
3635,70,1113,43,0,FWD,8
3636,70,1114,43,1,MID,73
3637,70,1115,43,0,MID,0
3638,70,1116,43,0,DEF,0
3639,70,1117,43,0,DEF,0
3640,70,1118,43,1,DEF,82
3641,71,1223,48,0,GK,0
3642,71,1224,48,0,DEF,0
3643,71,1225,48,1,DEF,90
3644,71,1226,48,1,DEF,90
3645,71,1227,48,0,DEF,0
3646,71,1228,48,1,MID,90
3647,71,1229,48,1,MID,71
3648,71,1230,48,0,MID,0
3649,71,1231,48,1,FWD,46
3650,71,1232,48,0,MID,19
3651,71,1233,48,1,MID,71
3652,71,1234,48,0,GK,0
3653,71,1235,48,0,DEF,0
3654,71,1236,48,1,DEF,88
3655,71,1237,48,0,DEF,2
3656,71,1238,48,1,DEF,90
3657,71,1239,48,0,FWD,44
3658,71,1240,48,0,FWD,0
3659,71,1241,48,0,MID,2
3660,71,1242,48,0,MID,0
3661,71,1243,48,0,MID,0
3662,71,1244,48,1,GK,90
3663,71,1245,48,1,DEF,90
3664,71,1246,48,0,FWD,19
3665,71,1247,48,0,DEF,0
3666,71,1248,48,1,DEF,88
3667,71,1145,45,1,GK,90
3668,71,1146,45,1,DEF,90
3669,71,1147,45,1,DEF,90
3670,71,1148,45,0,MID,0
3671,71,1149,45,0,DEF,0
3672,71,1150,45,1,DEF,90
3673,71,1151,45,1,FWD,63
3674,71,1152,45,1,MID,84
3675,71,1153,45,1,FWD,84
3676,71,1154,45,1,MID,71
3677,71,1155,45,1,FWD,90
3678,71,1156,45,0,DEF,0
3679,71,1157,45,0,GK,0
3680,71,1158,45,0,MID,6
3681,71,1159,45,0,DEF,0
3682,71,1160,45,0,MID,0
3683,71,1161,45,1,MID,90
3684,71,1162,45,0,FWD,0
3685,71,1163,45,0,FWD,6
3686,71,1164,45,0,FWD,27
3687,71,1165,45,0,MID,19
3688,71,1166,45,0,FWD,0
3689,71,1167,45,0,GK,0
3690,71,1168,45,0,DEF,0
3691,71,1169,45,0,DEF,27
3692,71,1170,45,1,DEF,63
3693,72,1171,46,1,GK,90
3694,72,1172,46,1,DEF,90
3695,72,1173,46,1,DEF,90
3696,72,1174,46,0,DEF,2
3697,72,1175,46,0,DEF,0
3698,72,1176,46,1,DEF,90
3699,72,1177,46,0,MID,0
3700,72,1178,46,1,MID,78
3701,72,1179,46,0,FWD,0
3702,72,1180,46,1,MID,90
3703,72,1181,46,1,FWD,66
3704,72,1182,46,0,GK,0
3705,72,1183,46,1,MID,88
3706,72,1184,46,1,FWD,90
3707,72,1185,46,0,MID,12
3708,72,1186,46,1,MID,88
3709,72,1187,46,1,MID,90
3710,72,1188,46,0,DEF,0
3711,72,1189,46,0,MID,0
3712,72,1190,46,0,FWD,24
3713,72,1191,46,0,MID,0
3714,72,1192,46,0,DEF,0
3715,72,1193,46,0,GK,0
3716,72,1194,46,0,FWD,2
3717,72,1195,46,0,DEF,0
3718,72,1196,46,0,FWD,0
3719,72,1197,47,0,GK,0
3720,72,1198,47,0,DEF,0
3721,72,1199,47,0,MID,5
3722,72,1200,47,1,DEF,46
3723,72,1201,47,1,MID,90
3724,72,1202,47,0,DEF,0
3725,72,1203,47,0,FWD,44
3726,72,1204,47,1,MID,85
3727,72,1205,47,1,FWD,71
3728,72,1206,47,0,FWD,19
3729,72,1207,47,1,MID,90
3730,72,1208,47,0,GK,0
3731,72,1209,47,0,FWD,0
3732,72,1210,47,1,DEF,90
3733,72,1211,47,1,MID,46
3734,72,1212,47,1,GK,90
3735,72,1213,47,0,DEF,0
3736,72,1214,47,0,DEF,0
3737,72,1215,47,0,FWD,0
3738,72,1216,47,0,MID,0
3739,72,1217,47,0,DEF,44
3740,72,1218,47,1,FWD,71
3741,72,1219,47,1,DEF,90
3742,72,1220,47,0,FWD,19
3743,72,1221,47,0,FWD,0
3744,72,1222,47,1,DEF,90
3745,73,27,2,1,GK,90
3746,73,28,2,0,DEF,0
3747,73,29,2,0,DEF,0
3748,73,30,2,1,MID,90
3749,73,31,2,0,MID,44
3750,73,32,2,1,DEF,90
3751,73,33,2,1,FWD,90
3752,73,34,2,0,FWD,4
3753,73,35,2,0,FWD,0
3754,73,36,2,1,FWD,46
3755,73,37,2,0,MID,0
3756,73,38,2,1,FWD,86
3757,73,39,2,1,MID,90
3758,73,40,2,1,DEF,90
3759,73,41,2,0,FWD,4
3760,73,42,2,0,GK,0
3761,73,43,2,1,FWD,86
3762,73,44,2,0,DEF,0
3763,73,45,2,0,DEF,0
3764,73,46,2,1,DEF,90
3765,73,47,2,1,DEF,90
3766,73,48,2,0,GK,0
3767,73,49,2,0,MID,0
3768,73,50,2,0,DEF,0
3769,73,51,2,0,FWD,0
3770,73,52,2,0,DEF,0
3771,73,105,5,0,GK,0
3772,73,106,5,1,DEF,90
3773,73,107,5,0,DEF,0
3774,73,108,5,0,DEF,31
3775,73,109,5,0,DEF,0
3776,73,110,5,0,MID,0
3777,73,111,5,1,MID,90
3778,73,112,5,0,MID,0
3779,73,113,5,0,FWD,0
3780,73,114,5,1,FWD,90
3781,73,115,5,1,MID,70
3782,73,116,5,1,FWD,70
3783,73,117,5,1,DEF,90
3784,73,118,5,0,MID,20
3785,73,119,5,1,DEF,59
3786,73,120,5,1,GK,90
3787,73,121,5,1,FWD,75
3788,73,122,5,0,GK,0
3789,73,123,5,0,DEF,15
3790,73,124,5,0,FWD,0
3791,73,125,5,0,MID,0
3792,73,126,5,1,DEF,90
3793,73,127,5,0,DEF,31
3794,73,128,5,0,FWD,20
3795,73,129,5,1,MID,59
3796,73,130,5,0,FWD,0
3797,74,209,9,1,GK,90
3798,74,210,9,0,MID,0
3799,74,211,9,1,DEF,90
3800,74,212,9,1,DEF,90
3801,74,213,9,1,MID,90
3802,74,214,9,0,DEF,0
3803,74,215,9,1,FWD,90
3804,74,216,9,1,MID,90
3805,74,217,9,1,FWD,66
3806,74,218,9,0,FWD,0
3807,74,219,9,0,FWD,0
3808,74,220,9,0,GK,0
3809,74,221,9,1,DEF,90
3810,74,222,9,0,DEF,0
3811,74,223,9,0,DEF,0
3812,74,224,9,1,DEF,90
3813,74,225,9,0,MID,1
3814,74,226,9,0,MID,1
3815,74,227,9,0,FWD,44
3816,74,228,9,1,MID,46
3817,74,229,9,0,FWD,0
3818,74,230,9,0,FWD,24
3819,74,231,9,0,GK,0
3820,74,232,9,0,DEF,0
3821,74,233,9,0,FWD,0
3822,74,234,9,1,FWD,90
3823,74,547,22,1,GK,90
3824,74,548,22,0,DEF,24
3825,74,549,22,1,DEF,90
3826,74,550,22,0,DEF,0
3827,74,551,22,0,DEF,0
3828,74,552,22,0,FWD,12
3829,74,553,22,0,MID,12
3830,74,554,22,0,MID,0
3831,74,555,22,0,FWD,0
3832,74,556,22,1,MID,66
3833,74,557,22,1,MID,90
3834,74,558,22,0,GK,0
3835,74,559,22,1,MID,66
3836,74,560,22,1,MID,78
3837,74,561,22,1,MID,78
3838,74,562,22,0,DEF,0
3839,74,563,22,0,MID,0
3840,74,564,22,1,FWD,90
3841,74,565,22,0,FWD,1
3842,74,566,22,0,DEF,0
3843,74,567,22,1,DEF,90
3844,74,568,22,1,DEF,90
3845,74,569,22,0,GK,0
3846,74,570,22,1,MID,90
3847,74,571,22,0,DEF,24
3848,74,572,22,0,FWD,0
3849,75,417,17,1,GK,120
3850,75,418,17,1,DEF,110
3851,75,419,17,0,DEF,41
3852,75,420,17,1,DEF,120
3853,75,421,17,1,MID,79
3854,75,422,17,1,DEF,120
3855,75,423,17,1,FWD,120
3856,75,424,17,0,MID,74
3857,75,425,17,0,MID,0
3858,75,426,17,0,MID,57
3859,75,427,17,0,FWD,32
3860,75,428,17,0,GK,0
3861,75,429,17,0,MID,0
3862,75,430,17,0,FWD,0
3863,75,431,17,0,DEF,0
3864,75,432,17,0,MID,0
3865,75,433,17,1,MID,110
3866,75,434,17,1,DEF,120
3867,75,435,17,1,MID,88
3868,75,436,17,0,MID,10
3869,75,437,17,0,GK,0
3870,75,438,17,0,DEF,0
3871,75,439,17,1,MID,46
3872,75,440,17,0,DEF,10
3873,75,441,17,0,MID,0
3874,75,442,17,1,FWD,63
3875,75,339,14,0,GK,0
3876,75,340,14,0,DEF,29
3877,75,341,14,0,DEF,0
3878,75,342,14,1,DEF,99
3879,75,343,14,0,DEF,1
3880,75,344,14,1,DEF,120
3881,75,345,14,0,MID,0
3882,75,346,14,0,MID,0
3883,75,347,14,0,FWD,21
3884,75,348,14,1,MID,91
3885,75,349,14,0,MID,63
3886,75,350,14,1,GK,120
3887,75,351,14,1,DEF,120
3888,75,352,14,1,MID,120
3889,75,353,14,1,DEF,120
3890,75,354,14,1,MID,99
3891,75,355,14,0,FWD,0
3892,75,356,14,0,FWD,0
3893,75,357,14,1,FWD,57
3894,75,358,14,0,MID,21
3895,75,359,14,1,FWD,55
3896,75,360,14,0,GK,0
3897,75,361,14,1,MID,120
3898,75,362,14,0,MID,65
3899,75,363,14,0,FWD,0
3900,75,364,14,0,DEF,0
3901,76,521,21,1,GK,120
3902,76,522,21,0,DEF,0
3903,76,523,21,0,MID,10
3904,76,524,21,1,DEF,120
3905,76,525,21,1,DEF,71
3906,76,526,21,1,DEF,120
3907,76,527,21,0,MID,7
3908,76,528,21,1,MID,86
3909,76,529,21,0,FWD,49
3910,76,530,21,0,FWD,0
3911,76,531,21,1,FWD,113
3912,76,532,21,0,DEF,0
3913,76,533,21,0,GK,0
3914,76,534,21,0,MID,0
3915,76,535,21,1,DEF,86
3916,76,536,21,0,MID,0
3917,76,537,21,0,FWD,0
3918,76,538,21,0,FWD,0
3919,76,539,21,1,FWD,71
3920,76,540,21,0,MID,49
3921,76,541,21,1,MID,110
3922,76,542,21,1,DEF,120
3923,76,543,21,0,GK,0
3924,76,544,21,1,FWD,120
3925,76,545,21,0,DEF,34
3926,76,546,21,0,MID,34
3927,76,235,10,1,GK,120
3928,76,236,10,1,DEF,120
3929,76,237,10,1,DEF,120
3930,76,238,10,0,MID,0
3931,76,239,10,0,DEF,0
3932,76,240,10,1,MID,79
3933,76,241,10,0,MID,34
3934,76,242,10,1,MID,86
3935,76,243,10,0,FWD,34
3936,76,244,10,1,FWD,79
3937,76,245,10,1,MID,120
3938,76,246,10,0,GK,0
3939,76,247,10,0,DEF,0
3940,76,248,10,1,DEF,120
3941,76,249,10,0,MID,41
3942,76,250,10,0,MID,41
3943,76,251,10,0,FWD,0
3944,76,252,10,1,DEF,75
3945,76,253,10,0,DEF,0
3946,76,254,10,0,FWD,0
3947,76,255,10,0,FWD,0
3948,76,256,10,0,GK,0
3949,76,257,10,1,MID,86
3950,76,258,10,1,MID,120
3951,76,259,10,0,DEF,0
3952,76,260,10,0,DEF,45
3953,77,469,19,1,GK,90
3954,77,470,19,0,DEF,0
3955,77,471,19,1,DEF,90
3956,77,472,19,0,MID,0
3957,77,473,19,0,DEF,0
3958,77,474,19,0,MID,0
3959,77,475,19,1,DEF,90
3960,77,476,19,1,MID,90
3961,77,477,19,1,FWD,60
3962,77,478,19,0,FWD,0
3963,77,479,19,1,FWD,90
3964,77,480,19,0,FWD,30
3965,77,481,19,0,DEF,0
3966,77,482,19,0,FWD,3
3967,77,483,19,0,FWD,30
3968,77,484,19,0,GK,0
3969,77,485,19,1,DEF,90
3970,77,486,19,1,MID,90
3971,77,487,19,1,FWD,87
3972,77,488,19,1,DEF,90
3973,77,489,19,0,DEF,0
3974,77,490,19,0,FWD,1
3975,77,491,19,0,GK,0
3976,77,492,19,0,FWD,1
3977,77,493,19,0,MID,0
3978,77,494,19,1,MID,60
3979,77,911,36,1,GK,90
3980,77,912,36,0,MID,0
3981,77,913,36,1,DEF,90
3982,77,914,36,0,DEF,0
3983,77,915,36,1,DEF,90
3984,77,916,36,1,MID,90
3985,77,917,36,1,FWD,71
3986,77,918,36,1,MID,90
3987,77,919,36,1,FWD,90
3988,77,920,36,1,MID,90
3989,77,921,36,0,FWD,0
3990,77,922,36,0,GK,0
3991,77,923,36,0,GK,0
3992,77,924,36,0,MID,7
3993,77,925,36,0,DEF,0
3994,77,926,36,1,DEF,83
3995,77,927,36,1,DEF,90
3996,77,928,36,0,MID,0
3997,77,929,36,0,MID,0
3998,77,930,36,1,FWD,71
3999,77,931,36,0,MID,19
4000,77,932,36,0,MID,19
4001,77,933,36,0,MID,0
4002,77,934,36,0,DEF,0
4003,77,935,36,0,DEF,0
4004,77,936,36,0,FWD,0
4005,78,833,33,0,GK,0
4006,78,834,33,0,DEF,15
4007,78,835,33,1,DEF,78
4008,78,836,33,1,DEF,90
4009,78,837,33,1,DEF,75
4010,78,838,33,0,MID,0
4011,78,839,33,1,FWD,75
4012,78,840,33,1,MID,90
4013,78,841,33,0,FWD,0
4014,78,842,33,1,FWD,85
4015,78,843,33,1,FWD,85
4016,78,844,33,1,FWD,90
4017,78,845,33,0,MID,0
4018,78,846,33,1,MID,90
4019,78,847,33,0,DEF,0
4020,78,848,33,1,GK,90
4021,78,849,33,1,DEF,90
4022,78,850,33,0,MID,0
4023,78,851,33,0,DEF,12
4024,78,852,33,0,FWD,15
4025,78,853,33,0,DEF,0
4026,78,854,33,0,FWD,5
4027,78,855,33,0,GK,0
4028,78,856,33,0,MID,5
4029,78,857,33,0,MID,0
4030,78,858,33,0,DEF,0
4031,78,573,23,1,GK,90
4032,78,574,23,1,DEF,90
4033,78,575,23,1,DEF,90
4034,78,576,23,0,DEF,0
4035,78,577,23,1,DEF,90
4036,78,578,23,0,DEF,0
4037,78,579,23,1,MID,66
4038,78,580,23,1,DEF,82
4039,78,581,23,1,FWD,89
4040,78,582,23,0,MID,8
4041,78,583,23,1,FWD,90
4042,78,584,23,0,GK,0
4043,78,585,23,0,MID,0
4044,78,586,23,0,DEF,0
4045,78,587,23,0,DEF,0
4046,78,588,23,0,MID,0
4047,78,589,23,1,FWD,90
4048,78,590,23,1,MID,82
4049,78,591,23,0,MID,8
4050,78,592,23,0,DEF,0
4051,78,593,23,0,DEF,0
4052,78,594,23,0,MID,24
4053,78,595,23,0,GK,0
4054,78,596,23,1,DEF,66
4055,78,597,23,0,FWD,1
4056,78,598,23,0,FWD,24
4057,79,1,1,1,GK,90
4058,79,2,1,1,DEF,90
4059,79,3,1,1,DEF,90
4060,79,4,1,0,DEF,0
4061,79,5,1,1,DEF,90
4062,79,6,1,1,MID,90
4063,79,7,1,1,MID,73
4064,79,8,1,0,MID,0
4065,79,9,1,1,FWD,73
4066,79,10,1,0,FWD,0
4067,79,11,1,0,FWD,17
4068,79,12,1,0,GK,0
4069,79,13,1,0,GK,0
4070,79,14,1,0,FWD,0
4071,79,15,1,0,DEF,10
4072,79,16,1,1,FWD,80
4073,79,17,1,0,MID,10
4074,79,18,1,0,MID,17
4075,79,19,1,1,MID,59
4076,79,20,1,0,DEF,0
4077,79,21,1,0,FWD,0
4078,79,22,1,0,FWD,0
4079,79,23,1,1,DEF,90
4080,79,24,1,0,MID,0
4081,79,25,1,1,FWD,80
4082,79,26,1,0,MID,31
4083,79,495,20,1,GK,90
4084,79,496,20,0,DEF,0
4085,79,497,20,1,DEF,90
4086,79,498,20,1,DEF,46
4087,79,499,20,0,MID,0
4088,79,500,20,1,DEF,90
4089,79,501,20,0,DEF,0
4090,79,502,20,0,MID,0
4091,79,503,20,1,FWD,79
4092,79,504,20,0,MID,11
4093,79,505,20,0,FWD,31
4094,79,506,20,0,GK,0
4095,79,507,20,1,FWD,59
4096,79,508,20,0,MID,0
4097,79,509,20,1,MID,90
4098,79,510,20,0,FWD,11
4099,79,511,20,0,DEF,44
4100,79,512,20,0,MID,0
4101,79,513,20,1,FWD,90
4102,79,514,20,1,FWD,79
4103,79,515,20,1,MID,46
4104,79,516,20,0,GK,0
4105,79,517,20,1,MID,90
4106,79,518,20,0,FWD,0
4107,79,519,20,0,DEF,0
4108,79,520,20,0,DEF,44
4109,80,1145,45,1,GK,90
4110,80,1146,45,1,DEF,90
4111,80,1147,45,1,DEF,90
4112,80,1148,45,1,MID,90
4113,80,1149,45,0,DEF,1
4114,80,1150,45,1,DEF,90
4115,80,1151,45,0,FWD,30
4116,80,1152,45,1,MID,90
4117,80,1153,45,1,FWD,90
4118,80,1154,45,1,MID,90
4119,80,1155,45,1,FWD,60
4120,80,1156,45,0,DEF,0
4121,80,1157,45,0,GK,0
4122,80,1158,45,0,MID,0
4123,80,1159,45,0,DEF,0
4124,80,1160,45,0,MID,0
4125,80,1161,45,0,MID,0
4126,80,1162,45,0,FWD,30
4127,80,1163,45,0,FWD,0
4128,80,1164,45,1,FWD,60
4129,80,1165,45,0,MID,20
4130,80,1166,45,0,FWD,0
4131,80,1167,45,0,GK,0
4132,80,1168,45,0,DEF,0
4133,80,1169,45,1,DEF,70
4134,80,1170,45,0,DEF,0
4135,80,1067,42,1,GK,90
4136,80,1068,42,1,DEF,90
4137,80,1069,42,0,DEF,0
4138,80,1070,42,1,DEF,90
4139,80,1071,42,0,DEF,0
4140,80,1072,42,1,MID,76
4141,80,1073,42,1,MID,64
4142,80,1074,42,1,MID,89
4143,80,1075,42,1,FWD,76
4144,80,1076,42,0,MID,14
4145,80,1077,42,0,FWD,0
4146,80,1078,42,0,DEF,1
4147,80,1079,42,0,FWD,26
4148,80,1080,42,1,MID,90
4149,80,1081,42,0,MID,0
4150,80,1082,42,0,GK,0
4151,80,1083,42,0,FWD,0
4152,80,1084,42,0,MID,0
4153,80,1085,42,0,FWD,1
4154,80,1086,42,1,FWD,90
4155,80,1087,42,0,GK,0
4156,80,1088,42,1,DEF,90
4157,80,1089,42,0,FWD,0
4158,80,1090,42,0,DEF,0
4159,80,1091,42,0,MID,14
4160,80,1092,42,1,DEF,89
4161,81,625,25,1,GK,120
4162,81,626,25,0,DEF,0
4163,81,627,25,1,DEF,120
4164,81,628,25,1,DEF,120
4165,81,629,25,1,DEF,78
4166,81,630,25,0,MID,0
4167,81,631,25,1,MID,56
4168,81,632,25,1,MID,120
4169,81,633,25,0,FWD,74
4170,81,634,25,1,FWD,109
4171,81,635,25,1,FWD,56
4172,81,636,25,0,GK,0
4173,81,637,25,0,GK,0
4174,81,638,25,0,FWD,64
4175,81,639,25,0,DEF,42
4176,81,640,25,0,DEF,0
4177,81,641,25,1,FWD,46
4178,81,642,25,0,DEF,0
4179,81,643,25,0,MID,57
4180,81,644,25,1,MID,63
4181,81,645,25,1,DEF,120
4182,81,646,25,0,MID,0
4183,81,647,25,0,MID,64
4184,81,648,25,0,MID,11
4185,81,649,25,0,DEF,0
4186,81,650,25,0,FWD,0
4187,81,859,34,0,GK,0
4188,81,860,34,0,DEF,0
4189,81,861,34,0,DEF,0
4190,81,862,34,0,DEF,0
4191,81,863,34,1,MID,95
4192,81,864,34,1,MID,120
4193,81,865,34,0,FWD,0
4194,81,866,34,0,MID,54
4195,81,867,34,0,FWD,0
4196,81,868,34,1,FWD,93
4197,81,869,34,0,FWD,27
4198,81,870,34,0,FWD,0
4199,81,871,34,1,FWD,73
4200,81,872,34,1,DEF,93
4201,81,873,34,1,DEF,120
4202,81,874,34,0,GK,0
4203,81,875,34,0,MID,47
4204,81,876,34,1,FWD,120
4205,81,877,34,1,DEF,120
4206,81,878,34,0,FWD,47
4207,81,879,34,1,MID,73
4208,81,880,34,0,MID,25
4209,81,881,34,1,GK,120
4210,81,882,34,0,DEF,0
4211,81,883,34,0,DEF,27
4212,81,884,34,1,MID,66
4213,82,313,13,0,GK,0
4214,82,314,13,1,DEF,87
4215,82,315,13,1,DEF,90
4216,82,316,13,1,MID,90
4217,82,317,13,1,DEF,90
4218,82,318,13,0,DEF,0
4219,82,319,13,0,MID,1
4220,82,320,13,1,MID,90
4221,82,321,13,0,FWD,3
4222,82,322,13,1,FWD,87
4223,82,323,13,0,FWD,0
4224,82,324,13,0,DEF,0
4225,82,325,13,1,DEF,90
4226,82,326,13,0,MID,3
4227,82,327,13,0,MID,0
4228,82,328,13,1,DEF,90
4229,82,329,13,1,MID,90
4230,82,330,13,0,DEF,0
4231,82,331,13,0,FWD,0
4232,82,332,13,1,FWD,64
4233,82,333,13,0,FWD,0
4234,82,334,13,0,DEF,0
4235,82,335,13,0,DEF,0
4236,82,336,13,1,GK,90
4237,82,337,13,0,GK,0
4238,82,338,13,0,FWD,0
4239,82,131,6,1,GK,90
4240,82,132,6,0,DEF,0
4241,82,133,6,0,DEF,0
4242,82,134,6,1,DEF,90
4243,82,135,6,1,DEF,75
4244,82,136,6,0,MID,39
4245,82,137,6,1,DEF,90
4246,82,138,6,1,MID,51
4247,82,139,6,0,FWD,0
4248,82,140,6,1,FWD,90
4249,82,141,6,1,FWD,51
4250,82,142,6,0,GK,0
4251,82,143,6,0,MID,0
4252,82,144,6,1,MID,51
4253,82,145,6,0,MID,15
4254,82,146,6,0,MID,0
4255,82,147,6,0,MID,0
4256,82,148,6,1,DEF,75
4257,82,149,6,1,FWD,90
4258,82,150,6,0,FWD,39
4259,82,151,6,1,DEF,90
4260,82,152,6,0,GK,0
4261,82,153,6,0,FWD,15
4262,82,154,6,0,DEF,0
4263,82,155,6,0,FWD,0
4264,82,156,6,0,MID,39
4265,83,729,29,0,GK,0
4266,83,730,29,0,DEF,1
4267,83,731,29,0,DEF,0
4268,83,732,29,0,DEF,0
4269,83,733,29,0,DEF,0
4270,83,734,29,0,MID,19
4271,83,735,29,0,FWD,19
4272,83,736,29,0,MID,1
4273,83,737,29,0,MID,5
4274,83,738,29,1,FWD,71
4275,83,739,29,0,FWD,0
4276,83,740,29,1,DEF,90
4277,83,741,29,0,GK,0
4278,83,742,29,1,DEF,90
4279,83,743,29,1,MID,71
4280,83,744,29,1,MID,90
4281,83,745,29,0,FWD,0
4282,83,746,29,0,MID,0
4283,83,747,29,1,FWD,85
4284,83,748,29,1,MID,90
4285,83,749,29,1,FWD,90
4286,83,750,29,1,DEF,90
4287,83,751,29,1,GK,90
4288,83,752,29,1,DEF,90
4289,83,753,29,0,FWD,0
4290,83,754,29,0,FWD,0
4291,83,989,39,1,GK,90
4292,83,990,39,0,DEF,0
4293,83,991,39,1,DEF,90
4294,83,992,39,1,MID,45
4295,83,993,39,1,DEF,85
4296,83,994,39,1,MID,45
4297,83,995,39,0,FWD,30
4298,83,996,39,1,DEF,90
4299,83,997,39,1,MID,90
4300,83,998,39,0,MID,45
4301,83,999,39,1,FWD,60
4302,83,1000,39,0,GK,0
4303,83,1001,39,0,GK,0
4304,83,1002,39,0,FWD,30
4305,83,1003,39,0,DEF,0
4306,83,1004,39,0,DEF,0
4307,83,1005,39,0,MID,45
4308,83,1006,39,1,MID,60
4309,83,1007,39,0,MID,0
4310,83,1008,39,1,MID,90
4311,83,1009,39,0,FWD,0
4312,83,1010,39,0,MID,5
4313,83,1011,39,0,DEF,0
4314,83,1012,39,1,MID,90
4315,83,1013,39,0,DEF,0
4316,83,1014,39,0,MID,0
4317,84,1041,41,1,GK,90
4318,84,1042,41,0,DEF,27
4319,84,1043,41,1,DEF,90
4320,84,1044,41,0,DEF,0
4321,84,1045,41,0,DEF,0
4322,84,1046,41,0,MID,0
4323,84,1047,41,1,FWD,81
4324,84,1048,41,1,MID,63
4325,84,1049,41,0,FWD,27
4326,84,1050,41,0,MID,28
4327,84,1051,41,0,FWD,0
4328,84,1052,41,0,GK,0
4329,84,1053,41,1,DEF,90
4330,84,1054,41,0,DEF,0
4331,84,1055,41,1,MID,90
4332,84,1056,41,0,FWD,0
4333,84,1057,41,1,FWD,90
4334,84,1058,41,1,FWD,63
4335,84,1059,41,0,FWD,0
4336,84,1060,41,1,DEF,63
4337,84,1061,41,0,MID,9
4338,84,1062,41,0,GK,0
4339,84,1063,41,1,MID,62
4340,84,1064,41,0,DEF,0
4341,84,1065,41,1,DEF,90
4342,84,1066,41,0,FWD,27
4343,84,1171,46,1,GK,90
4344,84,1172,46,1,DEF,90
4345,84,1173,46,1,DEF,90
4346,84,1174,46,0,DEF,1
4347,84,1175,46,0,DEF,0
4348,84,1176,46,1,DEF,90
4349,84,1177,46,0,MID,0
4350,84,1178,46,1,MID,90
4351,84,1179,46,0,FWD,1
4352,84,1180,46,1,MID,90
4353,84,1181,46,1,FWD,45
4354,84,1182,46,0,GK,0
4355,84,1183,46,1,MID,90
4356,84,1184,46,1,FWD,90
4357,84,1185,46,0,MID,22
4358,84,1186,46,1,MID,68
4359,84,1187,46,1,MID,90
4360,84,1188,46,0,DEF,0
4361,84,1189,46,0,MID,0
4362,84,1190,46,0,FWD,45
4363,84,1191,46,0,MID,0
4364,84,1192,46,0,DEF,0
4365,84,1193,46,0,GK,0
4366,84,1194,46,0,FWD,0
4367,84,1195,46,0,DEF,0
4368,84,1196,46,0,FWD,0
4369,85,183,8,1,GK,90
4370,85,184,8,0,DEF,0
4371,85,185,8,0,DEF,3
4372,85,186,8,1,DEF,90
4373,85,187,8,1,DEF,90
4374,85,188,8,1,MID,87
4375,85,189,8,1,FWD,83
4376,85,190,8,1,MID,71
4377,85,191,8,1,MID,71
4378,85,192,8,1,MID,90
4379,85,193,8,1,FWD,87
4380,85,194,8,0,GK,0
4381,85,195,8,1,DEF,90
4382,85,196,8,0,MID,0
4383,85,197,8,0,MID,19
4384,85,198,8,0,FWD,0
4385,85,199,8,1,FWD,71
4386,85,200,8,0,DEF,0
4387,85,201,8,0,FWD,19
4388,85,202,8,0,MID,3
4389,85,203,8,0,GK,0
4390,85,204,8,0,MID,19
4391,85,205,8,0,FWD,7
4392,85,206,8,0,DEF,0
4393,85,207,8,0,DEF,0
4394,85,208,8,0,FWD,0
4395,85,963,38,0,GK,0
4396,85,964,38,1,DEF,90
4397,85,965,38,0,DEF,0
4398,85,966,38,0,DEF,0
4399,85,967,38,0,DEF,0
4400,85,968,38,1,MID,58
4401,85,969,38,1,FWD,90
4402,85,970,38,1,MID,58
4403,85,971,38,0,FWD,32
4404,85,972,38,1,MID,90
4405,85,973,38,0,FWD,19
4406,85,974,38,0,FWD,0
4407,85,975,38,0,DEF,32
4408,85,976,38,0,MID,19
4409,85,977,38,1,DEF,90
4410,85,978,38,0,GK,0
4411,85,979,38,1,DEF,82
4412,85,980,38,0,FWD,0
4413,85,981,38,1,MID,71
4414,85,982,38,0,FWD,8
4415,85,983,38,1,DEF,71
4416,85,984,38,1,MID,90
4417,85,985,38,1,GK,90
4418,85,986,38,0,MID,0
4419,85,987,38,0,FWD,0
4420,85,988,38,0,DEF,0
4421,86,365,15,0,GK,1
4422,86,366,15,0,DEF,0
4423,86,367,15,1,DEF,120
4424,86,368,15,0,DEF,0
4425,86,369,15,1,DEF,46
4426,86,370,15,0,DEF,0
4427,86,371,15,0,FWD,0
4428,86,372,15,1,MID,91
4429,86,373,15,0,FWD,46
4430,86,374,15,0,FWD,46
4431,86,375,15,0,FWD,29
4432,86,376,15,0,GK,0
4433,86,377,15,1,MID,91
4434,86,378,15,0,MID,0
4435,86,379,15,0,DEF,74
4436,86,380,15,1,DEF,120
4437,86,381,15,1,FWD,74
4438,86,382,15,1,GK,119
4439,86,383,15,1,DEF,120
4440,86,384,15,1,FWD,74
4441,86,385,15,0,DEF,0
4442,86,386,15,1,MID,120
4443,86,387,15,0,FWD,0
4444,86,388,15,0,MID,29
4445,86,389,15,1,DEF,120
4446,86,390,15,0,FWD,0
4447,86,651,26,0,GK,0
4448,86,652,26,1,DEF,120
4449,86,653,26,1,DEF,120
4450,86,654,26,0,DEF,53
4451,86,655,26,1,DEF,120
4452,86,656,26,0,DEF,0
4453,86,657,26,0,FWD,40
4454,86,658,26,1,MID,120
4455,86,659,26,0,FWD,14
4456,86,660,26,1,FWD,120
4457,86,661,26,1,MID,67
4458,86,662,26,0,FWD,53
4459,86,663,26,0,DEF,0
4460,86,664,26,1,MID,67
4461,86,665,26,1,DEF,80
4462,86,666,26,0,GK,0
4463,86,667,26,0,MID,0
4464,86,668,26,0,MID,0
4465,86,669,26,1,MID,119
4466,86,670,26,0,FWD,0
4467,86,671,26,0,MID,1
4468,86,672,26,1,FWD,106
4469,86,673,26,1,GK,120
4470,86,674,26,0,DEF,0
4471,86,675,26,0,FWD,0
4472,86,676,26,0,GK,0
4473,87,937,37,0,GK,0
4474,87,938,37,0,DEF,0
4475,87,939,37,0,DEF,35
4476,87,940,37,0,DEF,16
4477,87,941,37,0,MID,36
4478,87,942,37,1,DEF,120
4479,87,943,37,1,MID,84
4480,87,944,37,0,MID,0
4481,87,945,37,0,FWD,57
4482,87,946,37,1,FWD,120
4483,87,947,37,0,MID,0
4484,87,948,37,0,GK,0
4485,87,949,37,1,DEF,120
4486,87,950,37,0,MID,0
4487,87,951,37,0,MID,57
4488,87,952,37,1,FWD,63
4489,87,953,37,0,FWD,0
4490,87,954,37,0,FWD,0
4491,87,955,37,0,DEF,0
4492,87,956,37,1,MID,120
4493,87,957,37,0,FWD,0
4494,87,958,37,1,FWD,63
4495,87,959,37,1,GK,120
4496,87,960,37,1,MID,120
4497,87,961,37,1,DEF,85
4498,87,962,37,1,DEF,104
4499,87,755,30,1,GK,120
4500,87,756,30,0,DEF,0
4501,87,757,30,1,DEF,120
4502,87,758,30,1,DEF,120
4503,87,759,30,0,DEF,0
4504,87,760,30,1,MID,100
4505,87,761,30,1,MID,80
4506,87,762,30,0,MID,0
4507,87,763,30,0,FWD,20
4508,87,764,30,0,MID,53
4509,87,765,30,0,MID,0
4510,87,766,30,0,GK,0
4511,87,767,30,1,DEF,120
4512,87,768,30,1,MID,100
4513,87,769,30,1,MID,67
4514,87,770,30,0,MID,20
4515,87,771,30,0,MID,40
4516,87,772,30,0,MID,0
4517,87,773,30,0,FWD,53
4518,87,774,30,1,FWD,80
4519,87,775,30,1,MID,67
4520,87,776,30,1,DEF,120
4521,87,777,30,0,GK,0
4522,87,778,30,0,DEF,0
4523,87,779,30,0,DEF,0
4524,87,780,30,0,MID,40
4525,88,1119,44,0,GK,0
4526,88,1120,44,1,DEF,90
4527,88,1121,44,1,DEF,90
4528,88,1122,44,0,DEF,0
4529,88,1123,44,0,MID,0
4530,88,1124,44,0,MID,44
4531,88,1125,44,1,FWD,90
4532,88,1126,44,0,MID,0
4533,88,1127,44,1,FWD,8
4534,88,1128,44,1,MID,46
4535,88,1129,44,1,MID,73
4536,88,1130,44,1,GK,90
4537,88,1131,44,0,DEF,0
4538,88,1132,44,1,DEF,90
4539,88,1133,44,0,MID,0
4540,88,1134,44,1,MID,90
4541,88,1135,44,1,DEF,90
4542,88,1136,44,0,DEF,0
4543,88,1137,44,0,FWD,0
4544,88,1138,44,0,MID,17
4545,88,1139,44,0,FWD,3
4546,88,1140,44,0,DEF,0
4547,88,1141,44,1,DEF,90
4548,88,1142,44,0,GK,0
4549,88,1143,44,0,FWD,82
4550,88,1144,44,0,FWD,0
4551,88,1197,47,1,GK,90
4552,88,1198,47,0,DEF,77
4553,88,1199,47,1,MID,79
4554,88,1200,47,0,DEF,0
4555,88,1201,47,1,MID,90
4556,88,1202,47,0,DEF,0
4557,88,1203,47,0,FWD,28
4558,88,1204,47,1,MID,62
4559,88,1205,47,1,FWD,79
4560,88,1206,47,0,FWD,0
4561,88,1207,47,1,MID,90
4562,88,1208,47,0,GK,0
4563,88,1209,47,0,FWD,0
4564,88,1210,47,1,DEF,90
4565,88,1211,47,0,MID,28
4566,88,1212,47,0,GK,0
4567,88,1213,47,0,DEF,0
4568,88,1214,47,1,DEF,90
4569,88,1215,47,1,FWD,62
4570,88,1216,47,0,MID,0
4571,88,1217,47,0,DEF,0
4572,88,1218,47,0,FWD,0
4573,88,1219,47,1,DEF,90
4574,88,1220,47,0,FWD,11
4575,88,1221,47,0,FWD,11
4576,88,1222,47,1,DEF,13
4577,89,339,14,0,GK,0
4578,89,340,14,0,DEF,0
4579,89,341,14,1,DEF,90
4580,89,342,14,1,DEF,90
4581,89,343,14,0,DEF,0
4582,89,344,14,0,DEF,0
4583,89,345,14,1,MID,90
4584,89,346,14,0,MID,0
4585,89,347,14,0,FWD,0
4586,89,348,14,1,MID,90
4587,89,349,14,0,MID,0
4588,89,350,14,1,GK,90
4589,89,351,14,1,DEF,90
4590,89,352,14,0,MID,0
4591,89,353,14,0,DEF,0
4592,89,354,14,0,MID,0
4593,89,355,14,0,FWD,0
4594,89,356,14,1,FWD,90
4595,89,357,14,0,FWD,0
4596,89,358,14,0,MID,0
4597,89,359,14,0,FWD,0
4598,89,360,14,0,GK,0
4599,89,361,14,1,MID,90
4600,89,362,14,1,MID,90
4601,89,363,14,1,FWD,90
4602,89,364,14,1,DEF,90
4603,89,833,33,0,GK,0
4604,89,834,33,0,DEF,0
4605,89,835,33,0,DEF,0
4606,89,836,33,1,DEF,90
4607,89,837,33,1,DEF,90
4608,89,838,33,1,MID,90
4609,89,839,33,0,FWD,0
4610,89,840,33,1,MID,90
4611,89,841,33,0,FWD,0
4612,89,842,33,1,FWD,90
4613,89,843,33,1,FWD,90
4614,89,844,33,0,FWD,0
4615,89,845,33,0,MID,0
4616,89,846,33,0,MID,0
4617,89,847,33,0,DEF,0
4618,89,848,33,1,GK,90
4619,89,849,33,1,DEF,90
4620,89,850,33,1,MID,90
4621,89,851,33,0,DEF,0
4622,89,852,33,0,FWD,0
4623,89,853,33,0,DEF,0
4624,89,854,33,0,FWD,0
4625,89,855,33,0,GK,0
4626,89,856,33,1,MID,90
4627,89,857,33,0,MID,0
4628,89,858,33,1,DEF,90
4629,90,105,5,0,GK,0
4630,90,106,5,1,DEF,90
4631,90,107,5,1,DEF,90
4632,90,108,5,0,DEF,0
4633,90,109,5,0,DEF,0
4634,90,110,5,0,MID,0
4635,90,111,5,1,MID,90
4636,90,112,5,1,MID,90
4637,90,113,5,0,FWD,0
4638,90,114,5,1,FWD,90
4639,90,115,5,0,MID,0
4640,90,116,5,0,FWD,0
4641,90,117,5,0,DEF,0
4642,90,118,5,1,MID,90
4643,90,119,5,1,DEF,90
4644,90,120,5,1,GK,90
4645,90,121,5,0,FWD,0
4646,90,122,5,0,GK,0
4647,90,123,5,1,DEF,90
4648,90,124,5,0,FWD,0
4649,90,125,5,0,MID,0
4650,90,126,5,0,DEF,0
4651,90,127,5,0,DEF,0
4652,90,128,5,1,FWD,90
4653,90,129,5,1,MID,90
4654,90,130,5,0,FWD,0
4655,90,235,10,1,GK,90
4656,90,236,10,1,DEF,90
4657,90,237,10,1,DEF,90
4658,90,238,10,0,MID,0
4659,90,239,10,0,DEF,0
4660,90,240,10,1,MID,90
4661,90,241,10,1,MID,90
4662,90,242,10,0,MID,30
4663,90,243,10,0,FWD,30
4664,90,244,10,1,FWD,90
4665,90,245,10,1,MID,90
4666,90,246,10,0,GK,0
4667,90,247,10,1,DEF,90
4668,90,248,10,0,DEF,0
4669,90,249,10,0,MID,0
4670,90,250,10,0,MID,0
4671,90,251,10,0,FWD,0
4672,90,252,10,1,DEF,90
4673,90,253,10,0,DEF,0
4674,90,254,10,0,FWD,0
4675,90,255,10,1,FWD,90
4676,90,256,10,0,GK,0
4677,90,257,10,1,MID,90
4678,90,258,10,0,MID,0
4679,90,259,10,0,DEF,0
4680,90,260,10,0,DEF,0
4681,91,209,9,1,GK,90
4682,91,210,9,0,MID,11
4683,91,211,9,1,DEF,90
4684,91,212,9,1,DEF,90
4685,91,213,9,1,MID,90
4686,91,214,9,0,DEF,0
4687,91,215,9,1,FWD,90
4688,91,216,9,1,MID,79
4689,91,217,9,1,FWD,58
4690,91,218,9,0,FWD,23
4691,91,219,9,0,FWD,0
4692,91,220,9,0,GK,0
4693,91,221,9,1,DEF,90
4694,91,222,9,0,DEF,0
4695,91,223,9,0,DEF,0
4696,91,224,9,1,DEF,90
4697,91,225,9,0,MID,0
4698,91,226,9,0,MID,23
4699,91,227,9,0,FWD,32
4700,91,228,9,0,MID,0
4701,91,229,9,0,FWD,0
4702,91,230,9,1,FWD,67
4703,91,231,9,0,GK,0
4704,91,232,9,0,DEF,0
4705,91,233,9,0,FWD,0
4706,91,234,9,1,FWD,67
4707,91,911,36,1,GK,90
4708,91,912,36,0,MID,0
4709,91,913,36,1,DEF,90
4710,91,914,36,0,DEF,1
4711,91,915,36,1,DEF,90
4712,91,916,36,1,MID,90
4713,91,917,36,1,FWD,45
4714,91,918,36,1,MID,90
4715,91,919,36,1,FWD,90
4716,91,920,36,1,MID,90
4717,91,921,36,0,FWD,0
4718,91,922,36,0,GK,0
4719,91,923,36,0,GK,0
4720,91,924,36,0,MID,27
4721,91,925,36,0,DEF,0
4722,91,926,36,0,DEF,0
4723,91,927,36,1,DEF,90
4724,91,928,36,0,MID,0
4725,91,929,36,0,MID,0
4726,91,930,36,1,FWD,45
4727,91,931,36,0,MID,45
4728,91,932,36,0,MID,45
4729,91,933,36,0,MID,0
4730,91,934,36,0,DEF,0
4731,91,935,36,0,DEF,0
4732,91,936,36,1,FWD,63
4733,92,1,1,1,GK,90
4734,92,2,1,1,DEF,79
4735,92,3,1,1,DEF,45
4736,92,4,1,0,DEF,45
4737,92,5,1,1,DEF,90
4738,92,6,1,1,MID,90
4739,92,7,1,1,MID,61
4740,92,8,1,0,MID,11
4741,92,9,1,1,FWD,90
4742,92,10,1,0,FWD,0
4743,92,11,1,0,FWD,29
4744,92,12,1,0,GK,0
4745,92,13,1,0,GK,0
4746,92,14,1,0,FWD,0
4747,92,15,1,0,DEF,0
4748,92,16,1,1,FWD,81
4749,92,17,1,0,MID,0
4750,92,18,1,0,MID,0
4751,92,19,1,1,MID,61
4752,92,20,1,0,DEF,0
4753,92,21,1,0,FWD,0
4754,92,22,1,0,FWD,9
4755,92,23,1,1,DEF,90
4756,92,24,1,0,MID,0
4757,92,25,1,1,FWD,90
4758,92,26,1,0,MID,29
4759,92,1145,45,1,GK,90
4760,92,1146,45,1,DEF,90
4761,92,1147,45,1,DEF,75
4762,92,1148,45,1,MID,90
4763,92,1149,45,0,DEF,33
4764,92,1150,45,1,DEF,90
4765,92,1151,45,1,FWD,57
4766,92,1152,45,1,MID,75
4767,92,1153,45,1,FWD,90
4768,92,1154,45,1,MID,90
4769,92,1155,45,0,FWD,0
4770,92,1156,45,0,DEF,0
4771,92,1157,45,0,GK,0
4772,92,1158,45,0,MID,1
4773,92,1159,45,0,DEF,15
4774,92,1160,45,0,MID,0
4775,92,1161,45,0,MID,1
4776,92,1162,45,1,FWD,90
4777,92,1163,45,0,FWD,0
4778,92,1164,45,0,FWD,0
4779,92,1165,45,0,MID,0
4780,92,1166,45,0,FWD,0
4781,92,1167,45,0,GK,0
4782,92,1168,45,0,DEF,0
4783,92,1169,45,0,DEF,15
4784,92,1170,45,1,DEF,54
4785,93,1041,41,1,GK,90
4786,93,1042,41,0,DEF,34
4787,93,1043,41,1,DEF,90
4788,93,1044,41,0,DEF,0
4789,93,1045,41,0,DEF,19
4790,93,1046,41,0,MID,0
4791,93,1047,41,1,FWD,90
4792,93,1048,41,1,MID,90
4793,93,1049,41,0,FWD,0
4794,93,1050,41,0,MID,7
4795,93,1051,41,1,FWD,71
4796,93,1052,41,0,GK,0
4797,93,1053,41,1,DEF,90
4798,93,1054,41,0,DEF,0
4799,93,1055,41,1,MID,90
4800,93,1056,41,0,FWD,0
4801,93,1057,41,0,FWD,19
4802,93,1058,41,1,FWD,83
4803,93,1059,41,0,FWD,0
4804,93,1060,41,1,DEF,71
4805,93,1061,41,0,MID,0
4806,93,1062,41,0,GK,0
4807,93,1063,41,1,MID,83
4808,93,1064,41,0,DEF,0
4809,93,1065,41,1,DEF,56
4810,93,1066,41,0,FWD,7
4811,93,729,29,0,GK,0
4812,93,730,29,0,DEF,0
4813,93,731,29,0,DEF,0
4814,93,732,29,0,DEF,0
4815,93,733,29,0,DEF,0
4816,93,734,29,0,MID,6
4817,93,735,29,0,FWD,15
4818,93,736,29,0,MID,6
4819,93,737,29,0,MID,0
4820,93,738,29,1,FWD,84
4821,93,739,29,0,FWD,0
4822,93,740,29,1,DEF,90
4823,93,741,29,0,GK,0
4824,93,742,29,1,DEF,90
4825,93,743,29,1,MID,75
4826,93,744,29,1,MID,90
4827,93,745,29,0,FWD,0
4828,93,746,29,0,MID,0
4829,93,747,29,1,FWD,90
4830,93,748,29,1,MID,84
4831,93,749,29,1,FWD,90
4832,93,750,29,1,DEF,90
4833,93,751,29,1,GK,90
4834,93,752,29,1,DEF,90
4835,93,753,29,0,FWD,0
4836,93,754,29,0,FWD,1
4837,94,313,13,0,GK,0
4838,94,314,13,1,DEF,45
4839,94,315,13,1,DEF,90
4840,94,316,13,1,MID,72
4841,94,317,13,1,DEF,90
4842,94,318,13,0,DEF,0
4843,94,319,13,0,MID,45
4844,94,320,13,1,MID,90
4845,94,321,13,0,FWD,18
4846,94,322,13,1,FWD,59
4847,94,323,13,0,FWD,0
4848,94,324,13,0,DEF,0
4849,94,325,13,1,DEF,90
4850,94,326,13,0,MID,31
4851,94,327,13,0,MID,0
4852,94,328,13,1,DEF,90
4853,94,329,13,1,MID,90
4854,94,330,13,0,DEF,1
4855,94,331,13,0,FWD,1
4856,94,332,13,1,FWD,90
4857,94,333,13,0,FWD,0
4858,94,334,13,0,DEF,0
4859,94,335,13,0,DEF,0
4860,94,336,13,1,GK,90
4861,94,337,13,0,GK,0
4862,94,338,13,0,FWD,0
4863,94,625,25,1,GK,90
4864,94,626,25,0,DEF,0
4865,94,627,25,0,DEF,0
4866,94,628,25,1,DEF,90
4867,94,629,25,1,DEF,90
4868,94,630,25,0,MID,1
4869,94,631,25,0,MID,0
4870,94,632,25,1,MID,90
4871,94,633,25,0,FWD,23
4872,94,634,25,1,FWD,89
4873,94,635,25,0,FWD,23
4874,94,636,25,0,GK,0
4875,94,637,25,0,GK,0
4876,94,638,25,1,FWD,67
4877,94,639,25,0,DEF,0
4878,94,640,25,0,DEF,0
4879,94,641,25,1,FWD,67
4880,94,642,25,0,DEF,0
4881,94,643,25,0,MID,0
4882,94,644,25,0,MID,69
4883,94,645,25,1,DEF,90
4884,94,646,25,0,MID,1
4885,94,647,25,1,MID,89
4886,94,648,25,1,MID,21
4887,94,649,25,1,DEF,90
4888,94,650,25,0,FWD,0
4889,95,937,37,0,GK,0
4890,95,938,37,0,DEF,0
4891,95,939,37,1,DEF,66
4892,95,940,37,0,DEF,17
4893,95,941,37,1,MID,90
4894,95,942,37,1,DEF,90
4895,95,943,37,1,MID,66
4896,95,944,37,0,MID,0
4897,95,945,37,1,FWD,90
4898,95,946,37,1,FWD,90
4899,95,947,37,0,MID,0
4900,95,948,37,0,GK,0
4901,95,949,37,1,DEF,90
4902,95,950,37,0,MID,0
4903,95,951,37,0,MID,24
4904,95,952,37,0,FWD,0
4905,95,953,37,0,FWD,0
4906,95,954,37,0,FWD,0
4907,95,955,37,0,DEF,1
4908,95,956,37,1,MID,90
4909,95,957,37,0,FWD,0
4910,95,958,37,0,FWD,24
4911,95,959,37,1,GK,90
4912,95,960,37,1,MID,90
4913,95,961,37,0,DEF,1
4914,95,962,37,1,DEF,73
4915,95,651,26,0,GK,0
4916,95,652,26,1,DEF,90
4917,95,653,26,1,DEF,90
4918,95,654,26,0,DEF,0
4919,95,655,26,1,DEF,90
4920,95,656,26,0,DEF,0
4921,95,657,26,0,FWD,17
4922,95,658,26,1,MID,46
4923,95,659,26,0,FWD,0
4924,95,660,26,1,FWD,90
4925,95,661,26,1,MID,80
4926,95,662,26,1,FWD,73
4927,95,663,26,0,DEF,0
4928,95,664,26,0,MID,44
4929,95,665,26,1,DEF,90
4930,95,666,26,0,GK,0
4931,95,667,26,1,MID,90
4932,95,668,26,0,MID,0
4933,95,669,26,1,MID,90
4934,95,670,26,0,FWD,0
4935,95,671,26,0,MID,0
4936,95,672,26,0,FWD,10
4937,95,673,26,1,GK,90
4938,95,674,26,0,DEF,0
4939,95,675,26,0,FWD,1
4940,95,676,26,0,GK,0
4941,96,183,8,1,GK,120
4942,96,184,8,0,DEF,49
4943,96,185,8,0,DEF,33
4944,96,186,8,1,DEF,120
4945,96,187,8,1,DEF,120
4946,96,188,8,1,MID,87
4947,96,189,8,1,FWD,87
4948,96,190,8,1,MID,120
4949,96,191,8,0,MID,0
4950,96,192,8,1,MID,120
4951,96,193,8,1,FWD,90
4952,96,194,8,0,GK,0
4953,96,195,8,1,DEF,71
4954,96,196,8,1,MID,46
4955,96,197,8,0,MID,74
4956,96,198,8,0,FWD,0
4957,96,199,8,0,FWD,30
4958,96,200,8,0,DEF,0
4959,96,201,8,0,FWD,0
4960,96,202,8,0,MID,0
4961,96,203,8,0,GK,0
4962,96,204,8,1,MID,103
4963,96,205,8,0,FWD,17
4964,96,206,8,0,DEF,0
4965,96,207,8,0,DEF,0
4966,96,208,8,0,FWD,33
4967,96,1119,44,0,GK,0
4968,96,1120,44,1,DEF,120
4969,96,1121,44,1,DEF,118
4970,96,1122,44,0,DEF,0
4971,96,1123,44,0,MID,0
4972,96,1124,44,0,MID,38
4973,96,1125,44,1,FWD,120
4974,96,1126,44,0,MID,0
4975,96,1127,44,0,FWD,0
4976,96,1128,44,1,MID,66
4977,96,1129,44,1,MID,66
4978,96,1130,44,1,GK,120
4979,96,1131,44,0,DEF,2
4980,96,1132,44,1,DEF,120
4981,96,1133,44,0,MID,0
4982,96,1134,44,1,MID,82
4983,96,1135,44,1,DEF,120
4984,96,1136,44,0,DEF,0
4985,96,1137,44,0,FWD,38
4986,96,1138,44,0,MID,54
4987,96,1139,44,0,FWD,54
4988,96,1140,44,0,DEF,0
4989,96,1141,44,1,DEF,120
4990,96,1142,44,0,GK,0
4991,96,1143,44,1,FWD,82
4992,96,1144,44,0,FWD,0
4993,97,848,33,1,GK,90
4994,97,837,33,1,DEF,90
4995,97,836,33,1,DEF,90
4996,97,849,33,1,DEF,90
4997,97,835,33,1,DEF,90
4998,97,838,33,1,MID,90
4999,97,846,33,1,MID,90
5000,97,839,33,1,FWD,90
5001,97,843,33,1,FWD,90
5002,97,852,33,1,FWD,77
5003,97,842,33,1,FWD,77
5004,97,833,33,0,GK,0
5005,97,834,33,0,DEF,0
5006,97,840,33,0,MID,0
5007,97,841,33,0,FWD,0
5008,97,844,33,0,FWD,13
5009,97,845,33,0,MID,0
5010,97,847,33,0,DEF,0
5011,97,850,33,0,MID,0
5012,97,851,33,0,DEF,0
5013,97,853,33,0,DEF,0
5014,97,854,33,0,FWD,13
5015,97,855,33,0,GK,0
5016,97,856,33,0,MID,0
5017,97,857,33,0,MID,0
5018,97,858,33,0,DEF,0
5019,97,235,10,1,GK,90
5020,97,236,10,1,DEF,90
5021,97,248,10,1,DEF,90
5022,97,237,10,1,DEF,90
5023,97,260,10,1,DEF,90
5024,97,240,10,1,MID,90
5025,97,258,10,1,MID,90
5026,97,241,10,1,MID,90
5027,97,242,10,1,MID,90
5028,97,257,10,1,MID,76
5029,97,244,10,1,FWD,90
5030,97,246,10,0,GK,0
5031,97,238,10,0,MID,0
5032,97,239,10,0,DEF,0
5033,97,243,10,0,FWD,14
5034,97,245,10,0,MID,0
5035,97,247,10,0,DEF,0
5036,97,249,10,0,MID,0
5037,97,250,10,0,MID,0
5038,97,251,10,0,FWD,0
5039,97,252,10,0,DEF,0
5040,97,253,10,0,DEF,0
5041,97,254,10,0,FWD,0
5042,97,255,10,0,FWD,0
5043,97,256,10,0,GK,0
5044,97,259,10,0,DEF,0
5045,98,751,29,1,GK,90
5046,98,729,29,0,GK,0
5047,98,741,29,0,GK,0
5048,98,740,29,1,DEF,90
5049,98,750,29,1,DEF,90
5050,98,742,29,1,DEF,90
5051,98,752,29,1,DEF,90
5052,98,730,29,0,DEF,0
5053,98,731,29,0,DEF,0
5054,98,732,29,0,DEF,0
5055,98,733,29,0,DEF,0
5056,98,744,29,1,MID,90
5057,98,736,29,1,MID,55
5058,98,743,29,1,MID,55
5059,98,748,29,0,MID,35
5060,98,734,29,0,MID,4
5061,98,737,29,0,MID,0
5062,98,746,29,0,MID,0
5063,98,747,29,1,FWD,90
5064,98,738,29,1,FWD,86
5065,98,749,29,1,FWD,79
5066,98,735,29,0,FWD,35
5067,98,745,29,0,FWD,11
5068,98,739,29,0,FWD,0
5069,98,753,29,0,FWD,0
5070,98,754,29,0,FWD,0
5071,98,625,25,1,GK,71
5072,98,636,25,0,GK,19
5073,98,637,25,0,GK,0
5074,98,645,25,1,DEF,90
5075,98,649,25,1,DEF,90
5076,98,628,25,1,DEF,90
5077,98,629,25,1,DEF,61
5078,98,642,25,0,DEF,29
5079,98,626,25,0,DEF,0
5080,98,627,25,0,DEF,0
5081,98,639,25,0,DEF,0
5082,98,640,25,0,DEF,0
5083,98,647,25,1,MID,90
5084,98,644,25,1,MID,60
5085,98,631,25,1,MID,86
5086,98,630,25,0,MID,30
5087,98,646,25,0,MID,4
5088,98,632,25,0,MID,0
5089,98,643,25,0,MID,0
5090,98,648,25,0,MID,0
5091,98,635,25,1,FWD,90
5092,98,641,25,1,FWD,90
5093,98,634,25,1,FWD,60
5094,98,633,25,0,FWD,30
5095,98,638,25,0,FWD,0
5096,98,650,25,0,FWD,0
5097,99,911,36,1,GK,120
5098,99,936,36,1,FWD,60
5099,99,913,36,1,DEF,120
5100,99,927,36,1,DEF,90
5101,99,915,36,1,DEF,90
5102,99,918,36,1,MID,120
5103,99,920,36,1,MID,120
5104,99,916,36,1,MID,120
5105,99,917,36,1,FWD,68
5106,99,919,36,1,FWD,105
5107,99,931,36,1,MID,68
5108,99,924,36,0,MID,60
5109,99,930,36,0,FWD,52
5110,99,932,36,0,MID,52
5111,99,926,36,0,DEF,30
5112,99,914,36,0,DEF,30
5113,99,921,36,0,FWD,15
5114,99,912,36,0,MID,0
5115,99,922,36,0,GK,0
5116,99,923,36,0,GK,0
5117,99,925,36,0,DEF,0
5118,99,928,36,0,MID,0
5119,99,929,36,0,MID,0
5120,99,933,36,0,MID,0
5121,99,934,36,0,DEF,0
5122,99,935,36,0,DEF,0
5123,99,1145,45,1,GK,120
5124,99,1147,45,1,DEF,86
5125,99,1150,45,1,DEF,120
5126,99,1149,45,1,DEF,120
5127,99,1146,45,1,DEF,89
5128,99,1148,45,1,MID,45
5129,99,1152,45,1,MID,120
5130,99,1162,45,1,FWD,71
5131,99,1154,45,1,MID,114
5132,99,1164,45,1,FWD,45
5133,99,1153,45,1,FWD,120
5134,99,1151,45,0,FWD,75
5135,99,1165,45,0,MID,75
5136,99,1168,45,0,DEF,49
5137,99,1169,45,0,DEF,34
5138,99,1161,45,0,MID,31
5139,99,1159,45,0,DEF,6
5140,99,1155,45,0,FWD,0
5141,99,1156,45,0,DEF,0
5142,99,1157,45,0,GK,0
5143,99,1158,45,0,MID,0
5144,99,1160,45,0,MID,0
5145,99,1163,45,0,FWD,0
5146,99,1166,45,0,FWD,0
5147,99,1167,45,0,GK,0
5148,99,1170,45,0,DEF,0
5149,100,959,37,1,GK,120
5150,100,962,37,1,DEF,85
5151,100,949,37,1,DEF,105
5152,100,942,37,1,DEF,120
5153,100,939,37,1,DEF,78
5154,100,941,37,1,MID,110
5155,100,943,37,1,MID,85
5156,100,960,37,1,MID,90
5157,100,956,37,1,MID,120
5158,100,946,37,1,FWD,120
5159,100,945,37,1,FWD,120
5160,100,951,37,0,MID,42
5161,100,940,37,0,DEF,35
5162,100,958,37,0,FWD,35
5163,100,952,37,0,FWD,30
5164,100,955,37,0,DEF,15
5165,100,957,37,0,FWD,10
5166,100,937,37,0,GK,0
5167,100,938,37,0,DEF,0
5168,100,944,37,0,MID,0
5169,100,947,37,0,MID,0
5170,100,948,37,0,GK,0
5171,100,950,37,0,MID,0
5172,100,953,37,0,FWD,0
5173,100,954,37,0,FWD,0
5174,100,961,37,0,DEF,0
5175,100,183,8,1,GK,120
5176,100,195,8,1,DEF,90
5177,100,187,8,1,DEF,120
5178,100,186,8,1,DEF,120
5179,100,188,8,1,MID,96
5180,100,192,8,1,MID,120
5181,100,190,8,1,MID,115
5182,100,197,8,1,MID,86
5183,100,204,8,1,MID,86
5184,100,193,8,1,FWD,86
5185,100,189,8,1,FWD,72
5186,100,184,8,0,DEF,34
5187,100,185,8,0,DEF,34
5188,100,205,8,0,FWD,34
5189,100,200,8,0,DEF,30
5190,100,196,8,0,MID,24
5191,100,199,8,0,FWD,5
5192,100,194,8,0,GK,0
5193,100,203,8,0,GK,0
5194,100,191,8,0,MID,0
5195,100,198,8,0,FWD,0
5196,100,201,8,0,FWD,0
5197,100,202,8,0,MID,0
5198,100,206,8,0,DEF,0
5199,100,207,8,0,DEF,0
5200,100,208,8,0,FWD,0
5201,101,848,33,1,GK,90
5202,101,837,33,1,DEF,90
5203,101,849,33,1,DEF,30
5204,101,836,33,1,DEF,90
5205,101,835,33,1,DEF,71
5206,101,840,33,1,MID,90
5207,101,846,33,1,MID,45
5208,101,839,33,1,FWD,90
5209,101,843,33,1,FWD,71
5210,101,844,33,1,FWD,57
5211,101,842,33,1,FWD,90
5212,101,858,33,0,DEF,60
5213,101,838,33,0,MID,45
5214,101,851,33,0,DEF,19
5215,101,856,33,0,MID,19
5216,101,852,33,0,FWD,33
5217,101,833,33,0,GK,0
5218,101,834,33,0,DEF,0
5219,101,841,33,0,FWD,0
5220,101,845,33,0,MID,0
5221,101,847,33,0,DEF,0
5222,101,850,33,0,MID,0
5223,101,853,33,0,DEF,0
5224,101,854,33,0,FWD,0
5225,101,855,33,0,GK,0
5226,101,857,33,0,MID,0
5227,101,751,29,1,GK,90
5228,101,740,29,1,DEF,84
5229,101,750,29,1,DEF,90
5230,101,742,29,1,DEF,90
5231,101,752,29,1,DEF,90
5232,101,744,29,1,MID,90
5233,101,736,29,1,MID,78
5234,101,738,29,1,FWD,78
5235,101,747,29,1,FWD,90
5236,101,749,29,1,FWD,74
5237,101,743,29,1,MID,84
5238,101,733,29,0,DEF,6
5239,101,748,29,0,MID,12
5240,101,734,29,0,MID,12
5241,101,735,29,0,FWD,16
5242,101,745,29,0,FWD,6
5243,101,729,29,0,GK,0
5244,101,730,29,0,DEF,0
5245,101,731,29,0,DEF,0
5246,101,732,29,0,DEF,0
5247,101,737,29,0,MID,0
5248,101,739,29,0,FWD,0
5249,101,741,29,0,GK,0
5250,101,746,29,0,MID,0
5251,101,753,29,0,FWD,0
5252,101,754,29,0,FWD,0
5253,102,1145,45,1,GK,90
5254,102,1149,45,1,DEF,90
5255,102,1150,45,1,DEF,90
5256,102,1168,45,1,DEF,82
5257,102,1169,45,1,DEF,90
5258,102,1148,45,1,MID,82
5259,102,1152,45,1,MID,90
5260,102,1161,45,1,MID,90
5261,102,1154,45,1,MID,90
5262,102,1153,45,1,FWD,90
5263,102,1162,45,1,FWD,72
5264,102,1146,45,0,DEF,18
5265,102,1147,45,0,DEF,8
5266,102,1159,45,0,DEF,8
5267,102,1155,45,0,FWD,0
5268,102,1166,45,0,FWD,0
5269,102,1151,45,0,FWD,0
5270,102,1156,45,0,DEF,0
5271,102,1157,45,0,GK,0
5272,102,1158,45,0,MID,0
5273,102,1160,45,0,MID,0
5274,102,1163,45,0,FWD,0
5275,102,1164,45,0,FWD,0
5276,102,1165,45,0,MID,0
5277,102,1167,45,0,GK,0
5278,102,1170,45,0,DEF,0
5279,102,959,37,1,GK,90
5280,102,962,37,1,DEF,72
5281,102,949,37,1,DEF,90
5282,102,942,37,1,DEF,72
5283,102,939,37,1,DEF,81
5284,102,941,37,1,MID,64
5285,102,953,37,1,FWD,72
5286,102,960,37,1,MID,90
5287,102,956,37,1,MID,90
5288,102,945,37,1,FWD,90
5289,102,946,37,1,FWD,90
5290,102,951,37,0,MID,26
5291,102,955,37,0,DEF,18
5292,102,943,37,0,MID,18
5293,102,940,37,0,DEF,18
5294,102,958,37,0,FWD,9
5295,102,937,37,0,GK,0
5296,102,938,37,0,DEF,0
5297,102,944,37,0,MID,0
5298,102,947,37,0,MID,0
5299,102,948,37,0,GK,0
5300,102,950,37,0,MID,0
5301,102,952,37,0,FWD,0
5302,102,954,37,0,FWD,0
5303,102,957,37,0,FWD,0
5304,102,961,37,0,DEF,0
5305,103,848,33,1,GK,90
5306,103,834,33,1,DEF,90
5307,103,847,33,1,DEF,45
5308,103,858,33,1,DEF,90
5309,103,851,33,1,DEF,45
5310,103,850,33,1,MID,90
5311,103,846,33,1,MID,90
5312,103,843,33,1,FWD,90
5313,103,856,33,1,MID,45
5314,103,852,33,1,FWD,45
5315,103,842,33,1,FWD,90
5316,103,836,33,0,DEF,45
5317,103,835,33,0,DEF,45
5318,103,839,33,0,FWD,45
5319,103,844,33,0,FWD,45
5320,103,837,33,0,DEF,1
5321,103,833,33,0,GK,0
5322,103,838,33,0,MID,0
5323,103,840,33,0,MID,0
5324,103,841,33,0,FWD,0
5325,103,845,33,0,MID,0
5326,103,849,33,0,DEF,0
5327,103,853,33,0,DEF,0
5328,103,854,33,0,FWD,0
5329,103,855,33,0,GK,0
5330,103,857,33,0,MID,0
5331,103,1157,45,1,GK,90
5332,103,1170,45,1,DEF,90
5333,103,1146,45,1,DEF,90
5334,103,1150,45,1,DEF,90
5335,103,1169,45,1,DEF,83
5336,103,1148,45,1,MID,90
5337,103,1151,45,1,FWD,90
5338,103,1165,45,1,MID,79
5339,103,1161,45,1,MID,90
5340,103,1155,45,1,FWD,45
5341,103,1166,45,1,FWD,79
5342,103,1163,45,0,FWD,45
5343,103,1154,45,0,MID,11
5344,103,1152,45,0,MID,11
5345,103,1168,45,0,DEF,7
5346,103,1156,45,0,DEF,1
5347,103,1145,45,0,GK,0
5348,103,1147,45,0,DEF,0
5349,103,1149,45,0,DEF,0
5350,103,1153,45,0,FWD,0
5351,103,1158,45,0,MID,0
5352,103,1159,45,0,DEF,0
5353,103,1160,45,0,MID,0
5354,103,1162,45,0,FWD,0
5355,103,1164,45,0,FWD,0
5356,103,1167,45,0,GK,0
5357,104,751,29,1,GK,120
5358,104,740,29,1,DEF,120
5359,104,750,29,1,DEF,120
5360,104,742,29,1,DEF,99
5361,104,752,29,1,DEF,120
5362,104,744,29,1,MID,120
5363,104,736,29,1,MID,62
5364,104,743,29,1,MID,75
5365,104,738,29,1,FWD,75
5366,104,747,29,1,FWD,120
5367,104,749,29,1,FWD,62
5368,104,735,29,0,FWD,58
5369,104,748,29,0,MID,58
5370,104,745,29,0,FWD,45
5371,104,734,29,0,MID,45
5372,104,732,29,0,DEF,21
5373,104,729,29,0,GK,0
5374,104,730,29,0,DEF,0
5375,104,731,29,0,DEF,0
5376,104,733,29,0,DEF,0
5377,104,737,29,0,MID,0
5378,104,739,29,0,FWD,0
5379,104,741,29,0,GK,0
5380,104,746,29,0,MID,0
5381,104,753,29,0,FWD,0
5382,104,754,29,0,FWD,0
5383,104,959,37,1,GK,120
5384,104,940,37,1,DEF,57
5385,104,949,37,1,DEF,69
5386,104,942,37,1,DEF,43
5387,104,939,37,1,DEF,120
5388,104,943,37,1,MID,69
5389,104,960,37,1,MID,93
5390,104,956,37,1,MID,120
5391,104,951,37,1,MID,45
5392,104,946,37,1,FWD,120
5393,104,945,37,1,FWD,101
5394,104,955,37,0,DEF,77
5395,104,941,37,0,MID,75
5396,104,962,37,0,DEF,63
5397,104,961,37,0,DEF,51
5398,104,953,37,0,FWD,51
5399,104,938,37,0,DEF,19
5400,104,937,37,0,GK,0
5401,104,944,37,0,MID,0
5402,104,947,37,0,MID,0
5403,104,948,37,0,GK,0
5404,104,950,37,0,MID,0
5405,104,952,37,0,FWD,0
5406,104,954,37,0,FWD,0
5407,104,957,37,0,FWD,0
5408,104,958,37,0,FWD,0
